id,filename,category,duration_sec,initial_silence_ms,greeting_ms,after_greeting_silence_ms,beep_detected,beep_freq_hz,vosk_latency_ms,whisper_latency_ms,vosk_text,whisper_text
101,"185805-PRED-12996604924-1789757878.131012.wav",MACHINE,3.22,440,1080,1680,False,0,1477,15016,"","[WHISPER_ERROR: HTTPConnectionPool(host='localhost', port=8090): Read timed out. (read timeout=15.0)]"
102,"185812-PRED-11999996055-1789757879.131019.wav",MACHINE,18.2,1260,20,8830,False,0,10763,15019,"","[WHISPER_ERROR: HTTPConnectionPool(host='localhost', port=8090): Read timed out. (read timeout=15.0)]"
103,"185818-PRED-11973357738-1789757883.131029.wav",MACHINE,9.06,7430,200,1410,False,0,771,15016,"","[WHISPER_ERROR: HTTPConnectionPool(host='localhost', port=8090): Read timed out. (read timeout=15.0)]"
104,"185838-PRED-11996169445-1789757901.131068.wav",MACHINE,17.82,60,110,510,False,0,11142,15016,"alô","[WHISPER_ERROR: HTTPConnectionPool(host='localhost', port=8090): Read timed out. (read timeout=15.0)]"
105,"185842-PRED-19982630069-1789757897.131057.wav",HUMAN,13.24,13240,0,0,False,0,664,9223,"","Alô, boa tarde. Eu falo com Marlene."
106,"185848-PRED-14981543084-1789757920.131129.wav",MACHINE,9.26,9260,0,0,False,0,777,15018,"","[WHISPER_ERROR: HTTPConnectionPool(host='localhost', port=8090): Read timed out. (read timeout=15.0)]"
107,"185854-PRED-18991427171-1789757915.131109.wav",MACHINE,10.02,8830,620,550,False,0,1200,15017,"","[WHISPER_ERROR: HTTPConnectionPool(host='localhost', port=8090): Read timed out. (read timeout=15.0)]"
108,"185856-PRED-18996845053-1789757923.131146.wav",MACHINE,2.74,1790,0,930,False,0,983,15015,"","[WHISPER_ERROR: HTTPConnectionPool(host='localhost', port=8090): Read timed out. (read timeout=15.0)]"
109,"185859-PRED-14998141285-1789757936.131174.wav",MACHINE,7.66,210,2390,330,False,0,3866,15017,"ligação foi encaminhada ao correio de voz pois a pessoa que você está tentando contatar não está disponível grave a sua","[WHISPER_ERROR: HTTPConnectionPool(host='localhost', port=8090): Read timed out. (read timeout=15.0)]"
110,"185901-PRED-14997214986-1789757917.131116.wav",MACHINE,7.32,370,2460,540,False,0,3416,15017,"ligação foi encaminhada ao correio de voz pois a pessoa que você está tentando contatar não está disponível","[WHISPER_ERROR: HTTPConnectionPool(host='localhost', port=8090): Read timed out. (read timeout=15.0)]"
111,"185903-PRED-14996960440-1789757921.131137.wav",MACHINE,5.66,0,60,3690,False,0,1261,15016,"ora","[WHISPER_ERROR: HTTPConnectionPool(host='localhost', port=8090): Read timed out. (read timeout=15.0)]"
112,"185907-PRED-15998125645-1789757930.131160.wav",MACHINE,2.98,2980,0,0,False,0,574,15016,"","[WHISPER_ERROR: HTTPConnectionPool(host='localhost', port=8090): Read timed out. (read timeout=15.0)]"
113,"185940-PRED-18996321746-1789757968.131265.wav",MACHINE,10.96,10960,0,0,False,0,829,15016,"","[WHISPER_ERROR: HTTPConnectionPool(host='localhost', port=8090): Read timed out. (read timeout=15.0)]"
114,"185946-PRED-11944949565-1789757968.131275.wav",MACHINE,4.06,4059,0,0,False,0,676,15016,"","[WHISPER_ERROR: HTTPConnectionPool(host='localhost', port=8090): Read timed out. (read timeout=15.0)]"
115,"185950-PRED-17996271590-1789757968.131267.wav",MACHINE,7.5,10,2390,390,False,0,2794,15015,"ligação foi encaminhada ao correio de voz pois a pessoa que você está tentando contatar não está disponível grave a sua","[WHISPER_ERROR: HTTPConnectionPool(host='localhost', port=8090): Read timed out. (read timeout=15.0)]"
116,"185951-PRED-11973910285-1789757984.131293.wav",MACHINE,15.58,15580,0,0,False,0,1066,15016,"","[WHISPER_ERROR: HTTPConnectionPool(host='localhost', port=8090): Read timed out. (read timeout=15.0)]"
117,"185951-PRED-17996271590-1789757984.131301.wav",MACHINE,15.96,15960,0,0,False,0,1452,15018,"","[WHISPER_ERROR: HTTPConnectionPool(host='localhost', port=8090): Read timed out. (read timeout=15.0)]"
118,"190001-PRED-48991564344-1789757984.131306.wav",MACHINE,10.78,10780,0,0,False,0,794,15017,"","[WHISPER_ERROR: HTTPConnectionPool(host='localhost', port=8090): Read timed out. (read timeout=15.0)]"
119,"190005-PRED-18981007589-1789757990.131343.wav",MACHINE,23.5,3710,1380,830,True,720,11830,15017,"grande e agora","[WHISPER_ERROR: HTTPConnectionPool(host='localhost', port=8090): Read timed out. (read timeout=15.0)]"
120,"190006-PRED-11973931293-1789757996.131354.wav",MACHINE,4.6,4600,0,0,False,0,904,15018,"","[WHISPER_ERROR: HTTPConnectionPool(host='localhost', port=8090): Read timed out. (read timeout=15.0)]"
121,"190009-PRED-11990235582-1789757999.131366.wav",MACHINE,1.42,1420,0,0,False,0,554,15018,"","[WHISPER_ERROR: HTTPConnectionPool(host='localhost', port=8090): Read timed out. (read timeout=15.0)]"
122,"190012-PRED-17996067711-1789757989.131329.wav",MACHINE,4.4,330,320,2290,False,0,844,15016,"a long","[WHISPER_ERROR: HTTPConnectionPool(host='localhost', port=8090): Read timed out. (read timeout=15.0)]"
123,"190014-PRED-16988683080-1789757989.131330.wav",MACHINE,4.94,4940,0,0,False,0,1175,15019,"","[WHISPER_ERROR: HTTPConnectionPool(host='localhost', port=8090): Read timed out. (read timeout=15.0)]"
124,"190017-PRED-11992853859-1789758010.131393.wav",MACHINE,12.98,4250,290,6580,False,0,1251,15018,"alô","[WHISPER_ERROR: HTTPConnectionPool(host='localhost', port=8090): Read timed out. (read timeout=15.0)]"
125,"190018-PRED-11968138716-1789758014.131406.wav",MACHINE,11.32,230,2430,390,False,0,4199,15016,"sua ligação foi encaminhada ao correio de voz pois a pessoa que você está tentando contatar não está disponível grave a sua mensagem após o final você pode desligar quando","[WHISPER_ERROR: HTTPConnectionPool(host='localhost', port=8090): Read timed out. (read timeout=15.0)]"
126,"190028-PRED-17996583251-1789758024.131440.wav",MACHINE,6.28,10,60,600,False,0,3242,15028,"se você disser seu nome e o motivo da ligação poderei ver se esta pessoa está disponível","[WHISPER_ERROR: HTTPConnectionPool(host='localhost', port=8090): Read timed out. (read timeout=15.0)]"
127,"190031-PRED-11997938777-1789758010.131398.wav",MACHINE,16.92,8380,820,4200,False,0,1692,15017,"","[WHISPER_ERROR: HTTPConnectionPool(host='localhost', port=8090): Read timed out. (read timeout=15.0)]"
128,"190038-PRED-11992008377-1789758024.131445.wav",MACHINE,5.18,0,380,1630,False,0,1856,15016,"","[WHISPER_ERROR: HTTPConnectionPool(host='localhost', port=8090): Read timed out. (read timeout=15.0)]"
129,"190046-PRED-11966097368-1789758024.131442.wav",MACHINE,4.98,4980,0,0,False,0,1183,15017,"","[WHISPER_ERROR: HTTPConnectionPool(host='localhost', port=8090): Read timed out. (read timeout=15.0)]"
130,"190049-PRED-12992394247-1789758034.131477.wav",MACHINE,11.16,0,210,3450,False,0,1672,15016,"lá","[WHISPER_ERROR: HTTPConnectionPool(host='localhost', port=8090): Read timed out. (read timeout=15.0)]"
131,"190053-PRED-11948195370-1789758039.131497.wav",MACHINE,6.44,0,140,4430,False,0,2449,15016,"","[WHISPER_ERROR: HTTPConnectionPool(host='localhost', port=8090): Read timed out. (read timeout=15.0)]"
132,"190053-PRED-17991914170-1789758046.131512.wav",MACHINE,8.12,8119,0,0,False,0,1460,15017,"","[WHISPER_ERROR: HTTPConnectionPool(host='localhost', port=8090): Read timed out. (read timeout=15.0)]"
133,"190100-PRED-19998487470-1789758048.131531.wav",MACHINE,4.66,10,160,4470,False,0,1471,15017,"","[WHISPER_ERROR: HTTPConnectionPool(host='localhost', port=8090): Read timed out. (read timeout=15.0)]"
134,"190101-PRED-17996061081-1789758046.131514.wav",MACHINE,9.48,1400,150,3130,False,0,2195,15015,"","[WHISPER_ERROR: HTTPConnectionPool(host='localhost', port=8090): Read timed out. (read timeout=15.0)]"
135,"190102-PRED-13997222280-1789758049.131540.wav",MACHINE,4.28,1980,0,2280,False,0,2025,15015,"","[WHISPER_ERROR: HTTPConnectionPool(host='localhost', port=8090): Read timed out. (read timeout=15.0)]"
136,"190108-PRED-15997252105-1789758052.131552.wav",MACHINE,7.08,3050,270,3130,False,0,2165,15016,"alô","[WHISPER_ERROR: HTTPConnectionPool(host='localhost', port=8090): Read timed out. (read timeout=15.0)]"
137,"190113-PRED-18996546506-1789758056.131564.wav",MACHINE,5.82,740,240,4820,False,0,1766,15052,"","[WHISPER_ERROR: HTTPConnectionPool(host='localhost', port=8090): Read timed out. (read timeout=15.0)]"
138,"190123-PRED-11999376398-1789758068.131594.wav",MACHINE,13.22,13220,0,0,False,0,907,15018,"","[WHISPER_ERROR: HTTPConnectionPool(host='localhost', port=8090): Read timed out. (read timeout=15.0)]"
139,"190136-PRED-15998277126-1789758081.131638.wav",MACHINE,7.86,330,630,280,False,0,4304,15017,"sua ligação foi encaminhada ao correio de voz pois a pessoa que você está tentando contatar não estar disponível grave a sua mensagem","[WHISPER_ERROR: HTTPConnectionPool(host='localhost', port=8090): Read timed out. (read timeout=15.0)]"
140,"190138-PRED-27997881387-1789758086.131653.wav",MACHINE,4.7,10,350,250,False,0,2541,15019,"ou fora da área de cobertura por favor tente mais tarde","[WHISPER_ERROR: HTTPConnectionPool(host='localhost', port=8090): Read timed out. (read timeout=15.0)]"
141,"190140-PRED-11978386835-1789758077.131633.wav",MACHINE,12.5,10,100,10650,False,0,1294,15016,"","[WHISPER_ERROR: HTTPConnectionPool(host='localhost', port=8090): Read timed out. (read timeout=15.0)]"
142,"190144-PRED-11942314488-1789758086.131651.wav",MACHINE,10.2,3100,190,1230,False,0,1670,15016,"","[WHISPER_ERROR: HTTPConnectionPool(host='localhost', port=8090): Read timed out. (read timeout=15.0)]"
143,"190147-PRED-11989236070-1789758097.131682.wav",MACHINE,5.76,450,2160,660,False,0,3146,15017,"sua ligação foi encaminhado ao correio de voz pois a pessoa que você está tentando contatar não está","[WHISPER_ERROR: HTTPConnectionPool(host='localhost', port=8090): Read timed out. (read timeout=15.0)]"
144,"190148-PRED-12997816262-1789758102.131708.wav",MACHINE,7.28,660,320,3150,False,0,943,15017,"","[WHISPER_ERROR: HTTPConnectionPool(host='localhost', port=8090): Read timed out. (read timeout=15.0)]"
145,"190150-PRED-15996136373-1789758102.131711.wav",MACHINE,2.98,10,50,2900,False,0,692,15024,"","[WHISPER_ERROR: HTTPConnectionPool(host='localhost', port=8090): Read timed out. (read timeout=15.0)]"
146,"190153-PRED-11967832065-1789758102.131707.wav",MACHINE,5.26,840,190,670,False,0,1576,15022,"","[WHISPER_ERROR: HTTPConnectionPool(host='localhost', port=8090): Read timed out. (read timeout=15.0)]"
147,"190154-PRED-12997617844-1789758097.131695.wav",MACHINE,1.48,0,1290,170,False,0,925,15016,"","[WHISPER_ERROR: HTTPConnectionPool(host='localhost', port=8090): Read timed out. (read timeout=15.0)]"
148,"190156-PRED-12991956969-1789758091.131668.wav",MACHINE,2.24,280,60,870,False,0,679,15016,"","[WHISPER_ERROR: HTTPConnectionPool(host='localhost', port=8090): Read timed out. (read timeout=15.0)]"
149,"190157-PRED-19991672682-1789758102.131709.wav",MACHINE,8.24,2980,300,1100,False,0,2149,15017,"oi","[WHISPER_ERROR: HTTPConnectionPool(host='localhost', port=8090): Read timed out. (read timeout=15.0)]"
150,"190158-PRED-12997098109-1789758108.131739.wav",MACHINE,15.44,7460,10,5850,False,0,1319,15020,"","[WHISPER_ERROR: HTTPConnectionPool(host='localhost', port=8090): Read timed out. (read timeout=15.0)]"
151,"190159-PRED-11991056721-1789758102.131713.wav",MACHINE,1.94,200,130,1590,False,0,988,15022,"","[WHISPER_ERROR: HTTPConnectionPool(host='localhost', port=8090): Read timed out. (read timeout=15.0)]"
152,"190204-PRED-81989970551-1789758119.131777.wav",MACHINE,19.8,10,90,19680,False,0,11046,15017,"","[WHISPER_ERROR: HTTPConnectionPool(host='localhost', port=8090): Read timed out. (read timeout=15.0)]"
153,"190209-PRED-14997426761-1789758119.131773.wav",MACHINE,20.46,20460,0,0,False,0,11073,15017,"","[WHISPER_ERROR: HTTPConnectionPool(host='localhost', port=8090): Read timed out. (read timeout=15.0)]"
154,"190213-PRED-19998168069-1789758113.131759.wav",MACHINE,2.32,2320,0,0,False,0,720,15019,"","[WHISPER_ERROR: HTTPConnectionPool(host='localhost', port=8090): Read timed out. (read timeout=15.0)]"
155,"190224-PRED-11999976377-1789758128.131789.wav",MACHINE,2.0,130,70,850,False,0,445,15016,"","[WHISPER_ERROR: HTTPConnectionPool(host='localhost', port=8090): Read timed out. (read timeout=15.0)]"
156,"190227-PRED-11958872548-1789758131.131806.wav",MACHINE,3.24,270,180,2770,False,0,865,15017,"olá","[WHISPER_ERROR: HTTPConnectionPool(host='localhost', port=8090): Read timed out. (read timeout=15.0)]"
157,"190227-PRED-15981211561-1789758131.131807.wav",MACHINE,2.84,0,70,2750,False,0,705,15017,"","[WHISPER_ERROR: HTTPConnectionPool(host='localhost', port=8090): Read timed out. (read timeout=15.0)]"
158,"190234-PRED-18997216977-1789758146.131860.wav",MACHINE,10.76,10760,0,0,False,0,643,15016,"","[WHISPER_ERROR: HTTPConnectionPool(host='localhost', port=8090): Read timed out. (read timeout=15.0)]"
159,"190236-PRED-11982885764-1789758137.131834.wav",MACHINE,3.62,3620,0,0,False,0,1137,15016,"","[WHISPER_ERROR: HTTPConnectionPool(host='localhost', port=8090): Read timed out. (read timeout=15.0)]"
160,"190238-PRED-18996266179-1789758140.131837.wav",MACHINE,8.56,8070,460,10,False,0,786,15019,"","[WHISPER_ERROR: HTTPConnectionPool(host='localhost', port=8090): Read timed out. (read timeout=15.0)]"
161,"190243-PRED-11971530074-1789758161.131901.wav",MACHINE,8.52,70,400,350,False,0,6237,15016,"zero seu nome e o motivo da ligação poderei ter essa pessoa está disponível","[WHISPER_ERROR: HTTPConnectionPool(host='localhost', port=8090): Read timed out. (read timeout=15.0)]"
162,"190244-PRED-19991231390-1789758150.131873.wav",MACHINE,9.6,9600,0,0,False,0,1348,15015,"","[WHISPER_ERROR: HTTPConnectionPool(host='localhost', port=8090): Read timed out. (read timeout=15.0)]"
163,"190246-PRED-11948465477-1789758146.131858.wav",MACHINE,10.84,4520,550,240,False,0,5053,15017,"a fonte","[WHISPER_ERROR: HTTPConnectionPool(host='localhost', port=8090): Read timed out. (read timeout=15.0)]"
164,"190248-PRED-12988798583-1789758146.131859.wav",MACHINE,12.74,540,340,10780,False,0,2065,15016,"alô","[WHISPER_ERROR: HTTPConnectionPool(host='localhost', port=8090): Read timed out. (read timeout=15.0)]"
165,"190249-PRED-11960203381-1789758161.131900.wav",MACHINE,10.14,6410,3150,560,False,0,1208,15017,"","[WHISPER_ERROR: HTTPConnectionPool(host='localhost', port=8090): Read timed out. (read timeout=15.0)]"
166,"190251-PRED-11948701106-1789758155.131883.wav",MACHINE,8.94,580,150,3110,False,0,2118,15015,"","[WHISPER_ERROR: HTTPConnectionPool(host='localhost', port=8090): Read timed out. (read timeout=15.0)]"
167,"190308-PRED-11970684742-1789758169.131924.wav",MACHINE,11.46,40,2470,310,False,0,4018,15016,"ligação foi encaminhada ao correio de voz da pessoa que você está","[WHISPER_ERROR: HTTPConnectionPool(host='localhost', port=8090): Read timed out. (read timeout=15.0)]"
168,"190314-PRED-11981442515-1789758182.131949.wav",MACHINE,8.88,3150,1450,1030,True,720,2703,15016,"cada agora","[WHISPER_ERROR: HTTPConnectionPool(host='localhost', port=8090): Read timed out. (read timeout=15.0)]"
169,"190319-PRED-11990087288-1789758184.131970.wav",MACHINE,3.34,0,1180,260,False,0,1579,15016,"","[WHISPER_ERROR: HTTPConnectionPool(host='localhost', port=8090): Read timed out. (read timeout=15.0)]"
170,"190329-PRED-17981524000-1789758197.132008.wav",MACHINE,9.52,1180,140,5180,False,0,1208,15018,"alô","[WHISPER_ERROR: HTTPConnectionPool(host='localhost', port=8090): Read timed out. (read timeout=15.0)]"
171,"190333-PRED-19994447866-1789758197.132009.wav",MACHINE,0.12,120,0,0,False,0,226,15016,"","[WHISPER_ERROR: HTTPConnectionPool(host='localhost', port=8090): Read timed out. (read timeout=15.0)]"
172,"190340-PRED-11946376231-1789758206.132042.wav",MACHINE,12.32,260,40,8430,False,0,2390,15016,"","[WHISPER_ERROR: HTTPConnectionPool(host='localhost', port=8090): Read timed out. (read timeout=15.0)]"
173,"190344-PRED-13997777370-1789758205.132034.wav",MACHINE,11.94,11940,0,0,False,0,1031,15017,"","[WHISPER_ERROR: HTTPConnectionPool(host='localhost', port=8090): Read timed out. (read timeout=15.0)]"
174,"190344-PRED-18998129741-1789758206.132041.wav",MACHINE,15.2,15200,0,0,False,0,1466,15021,"","[WHISPER_ERROR: HTTPConnectionPool(host='localhost', port=8090): Read timed out. (read timeout=15.0)]"
175,"190346-PRED-19989663144-1789758220.132085.wav",MACHINE,12.5,7080,230,5170,False,0,634,15016,"","[WHISPER_ERROR: HTTPConnectionPool(host='localhost', port=8090): Read timed out. (read timeout=15.0)]"
176,"190347-PRED-11947759193-1789758217.132077.wav",MACHINE,4.6,4600,0,0,False,0,872,15016,"","[WHISPER_ERROR: HTTPConnectionPool(host='localhost', port=8090): Read timed out. (read timeout=15.0)]"
177,"190357-PRED-18997895691-1789758233.132124.wav",MACHINE,9.74,340,280,460,False,0,2858,15018,"olá se você disser seu nome e o motivo da ligação poderei ver se esta pessoa está disponível","[WHISPER_ERROR: HTTPConnectionPool(host='localhost', port=8090): Read timed out. (read timeout=15.0)]"
178,"190401-PRED-11948621061-1789758225.132098.wav",MACHINE,8.9,8900,0,0,False,0,605,15017,"","[WHISPER_ERROR: HTTPConnectionPool(host='localhost', port=8090): Read timed out. (read timeout=15.0)]"
179,"190408-PRED-11976789482-1789758240.132136.wav",MACHINE,3.04,1060,360,460,False,0,3059,15015,"","[WHISPER_ERROR: HTTPConnectionPool(host='localhost', port=8090): Read timed out. (read timeout=15.0)]"
180,"190410-PRED-14991558823-1789758232.132120.wav",MACHINE,7.98,10,110,7840,False,0,833,15016,"","[WHISPER_ERROR: HTTPConnectionPool(host='localhost', port=8090): Read timed out. (read timeout=15.0)]"
181,"190412-PRED-11981235957-1789758246.132166.wav",MACHINE,16.52,10,150,16340,False,0,1734,15016,"","[WHISPER_ERROR: HTTPConnectionPool(host='localhost', port=8090): Read timed out. (read timeout=15.0)]"
182,"190413-PRED-12982633859-1789758240.132138.wav",MACHINE,3.28,1930,20,1310,False,0,1127,15016,"","[WHISPER_ERROR: HTTPConnectionPool(host='localhost', port=8090): Read timed out. (read timeout=15.0)]"
183,"190415-PRED-18996250636-1789758243.132154.wav",MACHINE,6.84,3420,140,3260,False,0,889,15016,"","[WHISPER_ERROR: HTTPConnectionPool(host='localhost', port=8090): Read timed out. (read timeout=15.0)]"
184,"190417-PRED-11992342520-1789758243.132142.wav",MACHINE,3.06,3060,0,0,False,0,619,15016,"","[WHISPER_ERROR: HTTPConnectionPool(host='localhost', port=8090): Read timed out. (read timeout=15.0)]"
185,"190417-PRED-17997324059-1789758233.132122.wav",MACHINE,5.8,10,2440,530,False,0,3323,15017,"ligação foi encaminhada ao correio de voz pois a pessoa que você está tentando contatar","[WHISPER_ERROR: HTTPConnectionPool(host='localhost', port=8090): Read timed out. (read timeout=15.0)]"
186,"190420-PRED-18996875029-1789758236.132126.wav",MACHINE,8.92,10,1400,360,False,0,9105,15016,"eu aceitar pintando o não estar disponível grave a sua mensagem após o final do que pode","[WHISPER_ERROR: HTTPConnectionPool(host='localhost', port=8090): Read timed out. (read timeout=15.0)]"
187,"190420-PRED-19997076875-1789758253.132189.wav",MACHINE,16.56,12820,1720,2000,False,0,1827,15017,"","[WHISPER_ERROR: HTTPConnectionPool(host='localhost', port=8090): Read timed out. (read timeout=15.0)]"
188,"190427-PRED-12988270924-1789758253.132194.wav",MACHINE,3.36,3360,0,0,False,0,937,15016,"","[WHISPER_ERROR: HTTPConnectionPool(host='localhost', port=8090): Read timed out. (read timeout=15.0)]"
189,"190429-PRED-12991789862-1789758247.132168.wav",MACHINE,10.28,90,2460,240,False,0,4339,15016,"uma ligação foi encaminhada ao meio a pessoa que você está tentando contatar não estar disponível grave a sua mensagem após o final você pode desligar","[WHISPER_ERROR: HTTPConnectionPool(host='localhost', port=8090): Read timed out. (read timeout=15.0)]"
190,"190435-PRED-14998209275-1789758266.132221.wav",MACHINE,3.06,3060,0,0,False,0,695,15016,"","[WHISPER_ERROR: HTTPConnectionPool(host='localhost', port=8090): Read timed out. (read timeout=15.0)]"
191,"190438-PRED-11998356655-1789758269.132234.wav",MACHINE,3.08,3080,0,0,False,0,957,15015,"","[WHISPER_ERROR: HTTPConnectionPool(host='localhost', port=8090): Read timed out. (read timeout=15.0)]"
192,"190445-PRED-11996044305-1789758271.132238.wav",MACHINE,2.74,550,80,760,False,0,2626,15016,"","[WHISPER_ERROR: HTTPConnectionPool(host='localhost', port=8090): Read timed out. (read timeout=15.0)]"
193,"190445-PRED-14998813441-1789758281.132243.wav",MACHINE,3.64,180,440,450,False,0,2919,15016,"olá se você disser seu nome e o motivo","[WHISPER_ERROR: HTTPConnectionPool(host='localhost', port=8090): Read timed out. (read timeout=15.0)]"
194,"190453-PRED-11959708261-1789758271.132237.wav",MACHINE,9.52,370,400,8730,False,0,2285,15017,"","[WHISPER_ERROR: HTTPConnectionPool(host='localhost', port=8090): Read timed out. (read timeout=15.0)]"
195,"190457-PRED-17991578993-1789758293.132253.wav",MACHINE,6.62,440,2490,350,False,0,3745,15067,"sua ligação foi encaminhada ao correio de voz","[WHISPER_ERROR: HTTPConnectionPool(host='localhost', port=8090): Read timed out. (read timeout=15.0)]"
196,"190502-PRED-11991022942-1789758293.132251.wav",MACHINE,5.84,5840,0,0,False,0,1033,15018,"","[WHISPER_ERROR: HTTPConnectionPool(host='localhost', port=8090): Read timed out. (read timeout=15.0)]"
197,"190504-PRED-17991491010-1789758293.132249.wav",MACHINE,9.4,10,60,9310,False,0,808,15017,"","[WHISPER_ERROR: HTTPConnectionPool(host='localhost', port=8090): Read timed out. (read timeout=15.0)]"
198,"190509-PRED-11996387417-1789758299.132266.wav",MACHINE,4.98,4980,0,0,False,0,973,15017,"","[WHISPER_ERROR: HTTPConnectionPool(host='localhost', port=8090): Read timed out. (read timeout=15.0)]"
199,"190510-PRED-11975370601-1789758293.132252.wav",MACHINE,2.48,2480,0,0,False,0,905,15022,"","[WHISPER_ERROR: HTTPConnectionPool(host='localhost', port=8090): Read timed out. (read timeout=15.0)]"
200,"190514-PRED-11944350898-1789758299.132274.wav",MACHINE,11.96,7090,410,4440,False,0,1378,15017,"","[WHISPER_ERROR: HTTPConnectionPool(host='localhost', port=8090): Read timed out. (read timeout=15.0)]"
201,"190516-PRED-15997079466-1789758296.132258.wav",MACHINE,10.4,10400,0,0,False,0,868,15023,"","[WHISPER_ERROR: HTTPConnectionPool(host='localhost', port=8090): Read timed out. (read timeout=15.0)]"
202,"190520-PRED-11947543485-1789758302.132284.wav",MACHINE,2.96,2960,0,0,False,0,729,15016,"","[WHISPER_ERROR: HTTPConnectionPool(host='localhost', port=8090): Read timed out. (read timeout=15.0)]"
203,"190531-PRED-11956694620-1789758325.132364.wav",MACHINE,5.2,320,2410,530,False,0,3324,15017,"ligação foi encaminhada ao correio de voz pois a pessoa que você está tentando com","[WHISPER_ERROR: HTTPConnectionPool(host='localhost', port=8090): Read timed out. (read timeout=15.0)]"
204,"190532-PRED-11951048612-1789758316.132335.wav",MACHINE,8.32,2360,360,3520,False,0,820,15017,"ao","[WHISPER_ERROR: HTTPConnectionPool(host='localhost', port=8090): Read timed out. (read timeout=15.0)]"
205,"190535-PRED-11988127296-1789758325.132360.wav",MACHINE,4.6,960,20,2420,False,0,1120,15017,"","[WHISPER_ERROR: HTTPConnectionPool(host='localhost', port=8090): Read timed out. (read timeout=15.0)]"
206,"190542-PRED-11987109179-1789758331.132388.wav",MACHINE,17.26,630,310,9960,False,0,3582,15018,"no","[WHISPER_ERROR: HTTPConnectionPool(host='localhost', port=8090): Read timed out. (read timeout=15.0)]"
207,"190544-PRED-11943505617-1789758337.132410.wav",MACHINE,9.14,10,120,8990,False,0,1008,15021,"","[WHISPER_ERROR: HTTPConnectionPool(host='localhost', port=8090): Read timed out. (read timeout=15.0)]"
208,"190545-PRED-19996653619-1789758341.132419.wav",MACHINE,8.92,150,260,440,False,0,3404,15016,"olá se você disser seu nome e o motivo da chamada poderei ver se esta pessoa está disponível","[WHISPER_ERROR: HTTPConnectionPool(host='localhost', port=8090): Read timed out. (read timeout=15.0)]"
209,"190546-PRED-11962435414-1789758328.132374.wav",MACHINE,10.8,10800,0,0,False,0,555,15017,"","[WHISPER_ERROR: HTTPConnectionPool(host='localhost', port=8090): Read timed out. (read timeout=15.0)]"
210,"190547-PRED-12988455828-1789758339.132414.wav",MACHINE,9.86,9860,0,0,False,0,662,15016,"","[WHISPER_ERROR: HTTPConnectionPool(host='localhost', port=8090): Read timed out. (read timeout=15.0)]"
211,"190551-PRED-12981475501-1789758341.132415.wav",MACHINE,7.44,7440,0,0,False,0,759,15023,"","[WHISPER_ERROR: HTTPConnectionPool(host='localhost', port=8090): Read timed out. (read timeout=15.0)]"
212,"190601-PRED-19987122367-1789758353.132456.wav",MACHINE,4.24,4240,0,0,False,0,823,15017,"","[WHISPER_ERROR: HTTPConnectionPool(host='localhost', port=8090): Read timed out. (read timeout=15.0)]"
213,"190606-PRED-15992831422-1789758360.132473.wav",MACHINE,11.32,11320,0,0,False,0,814,15016,"","[WHISPER_ERROR: HTTPConnectionPool(host='localhost', port=8090): Read timed out. (read timeout=15.0)]"
214,"190607-PRED-11965528988-1789758358.132467.wav",MACHINE,14.3,14300,0,0,False,0,931,15016,"","[WHISPER_ERROR: HTTPConnectionPool(host='localhost', port=8090): Read timed out. (read timeout=15.0)]"
215,"190610-PRED-18997796812-1789758360.132470.wav",MACHINE,9.66,9660,0,0,False,0,705,15025,"","[WHISPER_ERROR: HTTPConnectionPool(host='localhost', port=8090): Read timed out. (read timeout=15.0)]"
216,"190611-PRED-11972968826-1789758357.132463.wav",MACHINE,16.26,6720,390,4640,False,0,2512,15016,"","[WHISPER_ERROR: HTTPConnectionPool(host='localhost', port=8090): Read timed out. (read timeout=15.0)]"
217,"190620-PRED-12982921955-1789758358.132468.wav",MACHINE,24.8,8070,280,990,False,0,11207,15019,"","[WHISPER_ERROR: HTTPConnectionPool(host='localhost', port=8090): Read timed out. (read timeout=15.0)]"
218,"190622-PRED-11932145479-1789758365.132500.wav",MACHINE,10.68,7350,260,3050,False,0,1047,15019,"","[WHISPER_ERROR: HTTPConnectionPool(host='localhost', port=8090): Read timed out. (read timeout=15.0)]"
219,"190628-PRED-11991600198-1789758370.132516.wav",MACHINE,6.96,0,60,6060,False,0,1285,15016,"","[WHISPER_ERROR: HTTPConnectionPool(host='localhost', port=8090): Read timed out. (read timeout=15.0)]"
220,"190632-PRED-13981673880-1789758378.132537.wav",MACHINE,6.2,6200,0,0,False,0,1018,15017,"","[WHISPER_ERROR: HTTPConnectionPool(host='localhost', port=8090): Read timed out. (read timeout=15.0)]"
221,"190646-PRED-19996033373-1789758390.132578.wav",MACHINE,10.32,10320,0,0,False,0,1229,15016,"","[WHISPER_ERROR: HTTPConnectionPool(host='localhost', port=8090): Read timed out. (read timeout=15.0)]"
222,"190647-PRED-17997236346-1789758386.132565.wav",MACHINE,4.08,4080,0,0,False,0,1121,15016,"","[WHISPER_ERROR: HTTPConnectionPool(host='localhost', port=8090): Read timed out. (read timeout=15.0)]"
223,"190651-PRED-11930106124-1789758389.132569.wav",MACHINE,9.52,0,370,6120,False,0,1894,15016,"","[WHISPER_ERROR: HTTPConnectionPool(host='localhost', port=8090): Read timed out. (read timeout=15.0)]"
224,"190652-PRED-14996737925-1789758391.132581.wav",MACHINE,18.26,3850,210,1740,False,0,12077,15016,"","[WHISPER_ERROR: HTTPConnectionPool(host='localhost', port=8090): Read timed out. (read timeout=15.0)]"
225,"190701-PRED-11983759204-1789758408.132625.wav",MACHINE,4.84,4840,0,0,False,0,1690,15016,"","[WHISPER_ERROR: HTTPConnectionPool(host='localhost', port=8090): Read timed out. (read timeout=15.0)]"
226,"190705-PRED-11947550470-1789758414.132637.wav",MACHINE,8.46,900,10,260,False,0,1826,15019,"","[WHISPER_ERROR: HTTPConnectionPool(host='localhost', port=8090): Read timed out. (read timeout=15.0)]"
227,"190707-PRED-19981770519-1789758414.132635.wav",MACHINE,10.74,6800,220,3700,False,0,921,15019,"","[WHISPER_ERROR: HTTPConnectionPool(host='localhost', port=8090): Read timed out. (read timeout=15.0)]"
228,"190714-PRED-11952475939-1789758421.132674.wav",MACHINE,12.26,12260,0,0,False,0,822,15016,"","[WHISPER_ERROR: HTTPConnectionPool(host='localhost', port=8090): Read timed out. (read timeout=15.0)]"
229,"190715-PRED-11959458980-1789758416.132664.wav",MACHINE,4.42,2860,340,1200,False,0,1211,15030,"","[WHISPER_ERROR: HTTPConnectionPool(host='localhost', port=8090): Read timed out. (read timeout=15.0)]"
230,"190718-PRED-19999280375-1789758415.132648.wav",MACHINE,10.32,10320,0,0,False,0,1078,15017,"","[WHISPER_ERROR: HTTPConnectionPool(host='localhost', port=8090): Read timed out. (read timeout=15.0)]"
231,"190719-PRED-12996809500-1789758429.132687.wav",MACHINE,13.68,13680,0,0,False,0,1254,15016,"","[WHISPER_ERROR: HTTPConnectionPool(host='localhost', port=8090): Read timed out. (read timeout=15.0)]"
232,"190720-PRED-11959912092-1789758432.132701.wav",MACHINE,14.58,6170,160,210,False,0,985,15016,"","[WHISPER_ERROR: HTTPConnectionPool(host='localhost', port=8090): Read timed out. (read timeout=15.0)]"
233,"190734-PRED-16993972587-1789758434.132710.wav",MACHINE,3.24,3240,0,0,False,0,1082,15017,"","[WHISPER_ERROR: HTTPConnectionPool(host='localhost', port=8090): Read timed out. (read timeout=15.0)]"
234,"190735-PRED-11982053702-1789758434.132706.wav",MACHINE,11.18,1450,100,6450,False,0,1127,15016,"","[WHISPER_ERROR: HTTPConnectionPool(host='localhost', port=8090): Read timed out. (read timeout=15.0)]"
235,"190736-PRED-11975917921-1789758438.132726.wav",MACHINE,4.84,4840,0,0,False,0,915,15016,"","[WHISPER_ERROR: HTTPConnectionPool(host='localhost', port=8090): Read timed out. (read timeout=15.0)]"
236,"190738-PRED-18991559464-1789758449.132744.wav",MACHINE,9.24,520,440,500,False,0,4224,15016,"olá você de seu nome e o motivo da ligação poderei ver exercer esta pessoa está disponível","[WHISPER_ERROR: HTTPConnectionPool(host='localhost', port=8090): Read timed out. (read timeout=15.0)]"
237,"190747-PRED-13981015198-1789758449.132743.wav",MACHINE,15.46,15460,0,0,False,0,1061,15016,"","[WHISPER_ERROR: HTTPConnectionPool(host='localhost', port=8090): Read timed out. (read timeout=15.0)]"
238,"190750-PRED-11999181012-1789758455.132768.wav",MACHINE,10.4,3170,70,5740,False,0,775,15017,"","[WHISPER_ERROR: HTTPConnectionPool(host='localhost', port=8090): Read timed out. (read timeout=15.0)]"
239,"190750-PRED-12991146567-1789758446.132738.wav",MACHINE,8.28,8280,0,0,False,0,865,15016,"","[WHISPER_ERROR: HTTPConnectionPool(host='localhost', port=8090): Read timed out. (read timeout=15.0)]"
240,"190752-PRED-11976726449-1789758457.132782.wav",MACHINE,16.54,16540,0,0,False,0,1636,15016,"","[WHISPER_ERROR: HTTPConnectionPool(host='localhost', port=8090): Read timed out. (read timeout=15.0)]"
241,"190753-PRED-11958798173-1789758470.132807.wav",MACHINE,9.22,360,2430,530,False,0,4135,15017,"ligação foi encaminhada ao correio de voz pois a pessoa que você está tentando contatar não estar disponível grave ou mensagem após os","[WHISPER_ERROR: HTTPConnectionPool(host='localhost', port=8090): Read timed out. (read timeout=15.0)]"
242,"190757-PRED-11985988003-1789758455.132775.wav",MACHINE,3.04,1620,910,490,False,0,2508,15017,"cara","[WHISPER_ERROR: HTTPConnectionPool(host='localhost', port=8090): Read timed out. (read timeout=15.0)]"
243,"190809-PRED-17996344014-1789758483.132848.wav",MACHINE,9.62,520,2440,400,False,0,4606,15017,"sua ligação foi encaminhada ao correio de voz pois a pessoa que você está tentando contatar não está disponível grave a sua mensagem após o final","[WHISPER_ERROR: HTTPConnectionPool(host='localhost', port=8090): Read timed out. (read timeout=15.0)]"
244,"190829-PRED-12996080011-1789758498.132872.wav",MACHINE,4.96,4960,0,0,False,0,729,15016,"","[WHISPER_ERROR: HTTPConnectionPool(host='localhost', port=8090): Read timed out. (read timeout=15.0)]"
245,"190829-PRED-19987468454-1789758491.132861.wav",MACHINE,20.8,9250,800,5790,False,0,10796,15021,"","[WHISPER_ERROR: HTTPConnectionPool(host='localhost', port=8090): Read timed out. (read timeout=15.0)]"
246,"190831-PRED-11941889688-1789758489.132856.wav",MACHINE,4.3,490,10,520,False,0,2094,15016,"o","[WHISPER_ERROR: HTTPConnectionPool(host='localhost', port=8090): Read timed out. (read timeout=15.0)]"
247,"190834-PRED-13997117162-1789758492.132862.wav",MACHINE,6.18,580,2450,370,False,0,3837,15018,"sua ligação foi encaminhada ao correio de voz pois a pessoa que você está tentando contatar não","[WHISPER_ERROR: HTTPConnectionPool(host='localhost', port=8090): Read timed out. (read timeout=15.0)]"
248,"190836-PRED-11940252299-1789758507.132892.wav",MACHINE,3.06,3060,0,0,False,0,1037,15016,"","[WHISPER_ERROR: HTTPConnectionPool(host='localhost', port=8090): Read timed out. (read timeout=15.0)]"
249,"190845-PRED-19983197901-1789758514.132920.wav",MACHINE,12.48,10,200,12250,False,0,671,15016,"","[WHISPER_ERROR: HTTPConnectionPool(host='localhost', port=8090): Read timed out. (read timeout=15.0)]"
250,"190848-PRED-19988854428-1789758516.132931.wav",MACHINE,6.24,6240,0,0,False,0,746,15016,"","[WHISPER_ERROR: HTTPConnectionPool(host='localhost', port=8090): Read timed out. (read timeout=15.0)]"
251,"190849-PRED-11991339271-1789758522.132941.wav",MACHINE,8.2,8200,0,0,False,0,1072,15017,"","[WHISPER_ERROR: HTTPConnectionPool(host='localhost', port=8090): Read timed out. (read timeout=15.0)]"
252,"190902-PRED-14998412491-1789758524.132953.wav",MACHINE,10.98,1540,0,290,False,0,1618,15017,"","[WHISPER_ERROR: HTTPConnectionPool(host='localhost', port=8090): Read timed out. (read timeout=15.0)]"
253,"190902-PRED-15991670077-1789758521.132935.wav",MACHINE,7.68,1730,280,5650,False,0,2639,15017,"","[WHISPER_ERROR: HTTPConnectionPool(host='localhost', port=8090): Read timed out. (read timeout=15.0)]"
254,"190904-PRED-11989513308-1789758538.132987.wav",MACHINE,3.72,390,2450,390,False,0,4410,15018,"sua ligação foi encaminhada ao correio de voz","[WHISPER_ERROR: HTTPConnectionPool(host='localhost', port=8090): Read timed out. (read timeout=15.0)]"
255,"190905-PRED-11946561503-1789758538.132989.wav",MACHINE,6.14,620,2450,390,False,0,4504,15020,"sua ligação foi encaminhada ao correio de voz pois a pessoa que você está tentando contatar não","[WHISPER_ERROR: HTTPConnectionPool(host='localhost', port=8090): Read timed out. (read timeout=15.0)]"
256,"190921-PRED-16997379442-1789758555.133015.wav",MACHINE,9.06,660,2450,350,False,0,6076,15016,"sua ligação foi encaminhada ao meio a pessoa que você está tentando contatar não estar disponível grave a sua mensagem","[WHISPER_ERROR: HTTPConnectionPool(host='localhost', port=8090): Read timed out. (read timeout=15.0)]"
257,"190921-PRED-67992682752-1789758540.132995.wav",MACHINE,13.92,180,110,13610,False,0,1217,15020,"","[WHISPER_ERROR: HTTPConnectionPool(host='localhost', port=8090): Read timed out. (read timeout=15.0)]"
258,"190926-PRED-14996543451-1789758543.133003.wav",MACHINE,5.84,5840,0,0,False,0,683,15020,"","[WHISPER_ERROR: HTTPConnectionPool(host='localhost', port=8090): Read timed out. (read timeout=15.0)]"
259,"190928-PRED-13997482180-1789758556.133023.wav",MACHINE,13.76,550,380,11200,False,0,1202,15016,"alô","[WHISPER_ERROR: HTTPConnectionPool(host='localhost', port=8090): Read timed out. (read timeout=15.0)]"
260,"190931-PRED-14997939313-1789758556.133030.wav",MACHINE,12.24,12240,0,0,False,0,682,15016,"","[WHISPER_ERROR: HTTPConnectionPool(host='localhost', port=8090): Read timed out. (read timeout=15.0)]"
261,"190932-PRED-13997618292-1789758556.133021.wav",MACHINE,3.74,1670,10,1840,False,0,764,15016,"","[WHISPER_ERROR: HTTPConnectionPool(host='localhost', port=8090): Read timed out. (read timeout=15.0)]"
262,"190936-PRED-18996517170-1789758556.133024.wav",MACHINE,15.64,680,400,3790,False,0,2309,15018,"amou","[WHISPER_ERROR: HTTPConnectionPool(host='localhost', port=8090): Read timed out. (read timeout=15.0)]"
263,"190938-PRED-14997339313-1789758556.133031.wav",MACHINE,7.44,7440,0,0,False,0,768,15018,"","[WHISPER_ERROR: HTTPConnectionPool(host='localhost', port=8090): Read timed out. (read timeout=15.0)]"
264,"190946-PRED-11953411719-1789758578.133102.wav",MACHINE,6.12,560,2450,390,False,0,3111,15016,"sua ligação foi encaminhada ao correio de voz pois a pessoa que você está tentando contatar não","[WHISPER_ERROR: HTTPConnectionPool(host='localhost', port=8090): Read timed out. (read timeout=15.0)]"
265,"190947-PRED-13997479785-1789758578.133104.wav",MACHINE,4.98,4980,0,0,False,0,817,15016,"","[WHISPER_ERROR: HTTPConnectionPool(host='localhost', port=8090): Read timed out. (read timeout=15.0)]"
266,"190952-PRED-18998077382-1789758579.133112.wav",MACHINE,7.2,700,110,1740,False,0,945,15019,"","[WHISPER_ERROR: HTTPConnectionPool(host='localhost', port=8090): Read timed out. (read timeout=15.0)]"
267,"190954-PRED-35997583227-1789758573.133090.wav",MACHINE,19.02,370,330,5460,False,0,11660,15019,"","[WHISPER_ERROR: HTTPConnectionPool(host='localhost', port=8090): Read timed out. (read timeout=15.0)]"
268,"191000-PRED-11981524798-1789758584.133143.wav",MACHINE,10.92,2660,10,3180,False,0,736,15019,"","[WHISPER_ERROR: HTTPConnectionPool(host='localhost', port=8090): Read timed out. (read timeout=15.0)]"
269,"191006-PRED-11971298852-1789758583.133137.wav",MACHINE,11.34,11340,0,0,False,0,917,15016,"","[WHISPER_ERROR: HTTPConnectionPool(host='localhost', port=8090): Read timed out. (read timeout=15.0)]"
270,"191009-PRED-19991553034-1789758594.133176.wav",MACHINE,9.78,640,2440,390,False,0,4885,15018,"sua ligação foi encaminhada ao correio de voz pois a pessoa que você está tentando contatar não está disponível grave a sua mensagem após o sinal","[WHISPER_ERROR: HTTPConnectionPool(host='localhost', port=8090): Read timed out. (read timeout=15.0)]"
271,"191014-PRED-11910851061-1789758610.133217.wav",MACHINE,7.12,130,440,490,False,0,5211,15016,"se você disser seu nome e o motivo da ligação poderei ver esta pessoa está disponível","[WHISPER_ERROR: HTTPConnectionPool(host='localhost', port=8090): Read timed out. (read timeout=15.0)]"
272,"191015-PRED-11951373212-1789758594.133175.wav",MACHINE,3.22,3220,0,0,False,0,805,15016,"","[WHISPER_ERROR: HTTPConnectionPool(host='localhost', port=8090): Read timed out. (read timeout=15.0)]"
273,"191016-PRED-11979988700-1789758597.133184.wav",MACHINE,16.08,10,110,15940,False,0,1901,15018,"","[WHISPER_ERROR: HTTPConnectionPool(host='localhost', port=8090): Read timed out. (read timeout=15.0)]"
274,"191022-PRED-11998330033-1789758610.133219.wav",MACHINE,18.56,18560,0,0,False,0,10740,15016,"","[WHISPER_ERROR: HTTPConnectionPool(host='localhost', port=8090): Read timed out. (read timeout=15.0)]"
275,"191023-PRED-14997228777-1789758616.133250.wav",MACHINE,10.72,10720,0,0,False,0,677,15017,"","[WHISPER_ERROR: HTTPConnectionPool(host='localhost', port=8090): Read timed out. (read timeout=15.0)]"
276,"191031-PRED-16997816181-1789758626.133273.wav",MACHINE,15.36,3760,250,1940,False,0,1425,15018,"agora","[WHISPER_ERROR: HTTPConnectionPool(host='localhost', port=8090): Read timed out. (read timeout=15.0)]"
277,"191055-PRED-12983173768-1789758647.133343.wav",MACHINE,3.2,2790,140,250,False,0,519,15016,"","[WHISPER_ERROR: HTTPConnectionPool(host='localhost', port=8090): Read timed out. (read timeout=15.0)]"
278,"191056-PRED-13991156814-1789758647.133340.wav",MACHINE,10.36,10,160,9080,False,0,658,15016,"","[WHISPER_ERROR: HTTPConnectionPool(host='localhost', port=8090): Read timed out. (read timeout=15.0)]"
279,"191114-PRED-14997018637-1789758649.133353.wav",MACHINE,12.8,12800,0,0,False,0,642,15016,"","[WHISPER_ERROR: HTTPConnectionPool(host='localhost', port=8090): Read timed out. (read timeout=15.0)]"
280,"191118-PRED-19995645482-1789758662.133400.wav",MACHINE,6.94,3870,340,310,False,0,2112,15015,"alô aqui","[WHISPER_ERROR: HTTPConnectionPool(host='localhost', port=8090): Read timed out. (read timeout=15.0)]"
281,"191124-PRED-11962809931-1789758677.133436.wav",MACHINE,16.84,10,290,13650,False,0,2655,15017,"","[WHISPER_ERROR: HTTPConnectionPool(host='localhost', port=8090): Read timed out. (read timeout=15.0)]"
282,"191125-PRED-11987849111-1789758681.133453.wav",MACHINE,8.48,370,2470,280,False,0,6146,15016,"sua ligação foi encaminhada ao meio a pessoa que você está tentando contatar não estar disponível grave a sua mensagem após","[WHISPER_ERROR: HTTPConnectionPool(host='localhost', port=8090): Read timed out. (read timeout=15.0)]"
283,"191130-PRED-11912948619-1789758685.133470.wav",MACHINE,13.3,13300,0,0,False,0,1252,15017,"","[WHISPER_ERROR: HTTPConnectionPool(host='localhost', port=8090): Read timed out. (read timeout=15.0)]"
284,"191139-PRED-13981808845-1789758677.133439.wav",MACHINE,16.0,0,210,6540,False,0,2924,15017,"","[WHISPER_ERROR: HTTPConnectionPool(host='localhost', port=8090): Read timed out. (read timeout=15.0)]"
285,"191140-PRED-18996155432-1789758695.133505.wav",MACHINE,7.5,440,630,370,False,0,5234,15017,"olá a você de seu nome e o motivo da ligação poderei ver se esta pessoa está disponível","[WHISPER_ERROR: HTTPConnectionPool(host='localhost', port=8090): Read timed out. (read timeout=15.0)]"
286,"191145-PRED-11999533558-1789758681.133464.wav",MACHINE,5.28,5280,0,0,False,0,2122,15017,"","[WHISPER_ERROR: HTTPConnectionPool(host='localhost', port=8090): Read timed out. (read timeout=15.0)]"
287,"191149-PRED-13997761997-1789758704.133539.wav",MACHINE,4.02,620,410,550,False,0,3029,15017,"olá se você disser seu nome e o motivo da lei","[WHISPER_ERROR: HTTPConnectionPool(host='localhost', port=8090): Read timed out. (read timeout=15.0)]"
288,"191153-PRED-11919520608-1789758702.133519.wav",MACHINE,4.86,4860,0,0,False,0,922,15016,"","[WHISPER_ERROR: HTTPConnectionPool(host='localhost', port=8090): Read timed out. (read timeout=15.0)]"
289,"191153-PRED-11941941079-1789758693.133499.wav",MACHINE,5.0,1020,1910,2050,False,0,1171,15018,"","[WHISPER_ERROR: HTTPConnectionPool(host='localhost', port=8090): Read timed out. (read timeout=15.0)]"
290,"191153-PRED-11999101443-1789758693.133502.wav",MACHINE,4.82,4820,0,0,False,0,1094,15018,"","[WHISPER_ERROR: HTTPConnectionPool(host='localhost', port=8090): Read timed out. (read timeout=15.0)]"
291,"191153-PRED-13974033389-1789758693.133503.wav",MACHINE,0.66,660,0,0,False,0,676,15017,"","[WHISPER_ERROR: HTTPConnectionPool(host='localhost', port=8090): Read timed out. (read timeout=15.0)]"
292,"191156-PRED-11947011866-1789758703.133537.wav",MACHINE,14.04,7130,230,2830,False,0,956,15020,"","[WHISPER_ERROR: HTTPConnectionPool(host='localhost', port=8090): Read timed out. (read timeout=15.0)]"
293,"191158-PRED-18996188370-1789758711.133563.wav",MACHINE,11.52,680,2450,380,False,0,4171,15017,"sua ligação foi encaminhada ao correio de voz pois a pessoa que você está tentando contatar não está disponível grave a sua mensagem após o sinal você pode desligar","[WHISPER_ERROR: HTTPConnectionPool(host='localhost', port=8090): Read timed out. (read timeout=15.0)]"
294,"191200-PRED-11931455252-1789758703.133536.wav",MACHINE,7.4,7400,0,0,False,0,591,15016,"","[WHISPER_ERROR: HTTPConnectionPool(host='localhost', port=8090): Read timed out. (read timeout=15.0)]"
295,"191209-PRED-14996028934-1789758719.133582.wav",MACHINE,11.48,11480,0,0,False,0,832,15017,"","[WHISPER_ERROR: HTTPConnectionPool(host='localhost', port=8090): Read timed out. (read timeout=15.0)]"
296,"191221-PRED-11914196675-1789758722.133602.wav",MACHINE,17.74,0,30,3280,False,0,11130,15017,"","[WHISPER_ERROR: HTTPConnectionPool(host='localhost', port=8090): Read timed out. (read timeout=15.0)]"
297,"191224-PRED-11968281528-1789758722.133600.wav",MACHINE,4.52,10,510,3980,False,0,1827,15017,"","[WHISPER_ERROR: HTTPConnectionPool(host='localhost', port=8090): Read timed out. (read timeout=15.0)]"
298,"191228-PRED-19992875573-1789758731.133628.wav",MACHINE,13.8,290,250,1940,False,0,4642,15017,"fernandes","[WHISPER_ERROR: HTTPConnectionPool(host='localhost', port=8090): Read timed out. (read timeout=15.0)]"
299,"191231-PRED-11948026795-1789758733.133641.wav",MACHINE,6.14,920,1760,320,False,0,984,15017,"","[WHISPER_ERROR: HTTPConnectionPool(host='localhost', port=8090): Read timed out. (read timeout=15.0)]"
300,"191231-PRED-16996416703-1789758729.133621.wav",MACHINE,12.14,12140,0,0,False,0,887,15016,"","[WHISPER_ERROR: HTTPConnectionPool(host='localhost', port=8090): Read timed out. (read timeout=15.0)]"
301,"191237-PRED-17991156961-1789758742.133669.wav",MACHINE,12.28,20,110,12130,False,0,666,15015,"","[WHISPER_ERROR: HTTPConnectionPool(host='localhost', port=8090): Read timed out. (read timeout=15.0)]"
302,"191240-PRED-14998791119-1789758753.133697.wav",MACHINE,13.98,13980,0,0,False,0,1095,15018,"","[WHISPER_ERROR: HTTPConnectionPool(host='localhost', port=8090): Read timed out. (read timeout=15.0)]"
303,"191241-PRED-14996622657-1789758750.133683.wav",MACHINE,3.34,3340,0,0,False,0,864,15016,"","[WHISPER_ERROR: HTTPConnectionPool(host='localhost', port=8090): Read timed out. (read timeout=15.0)]"
304,"191248-PRED-11969166625-1789758762.133734.wav",MACHINE,14.5,40,170,11760,False,0,846,15017,"","[WHISPER_ERROR: HTTPConnectionPool(host='localhost', port=8090): Read timed out. (read timeout=15.0)]"
305,"191251-PRED-11981058819-1789758753.133706.wav",MACHINE,10.68,50,800,3220,False,0,1027,15016,"","[WHISPER_ERROR: HTTPConnectionPool(host='localhost', port=8090): Read timed out. (read timeout=15.0)]"
306,"191253-PRED-11998789054-1789758770.133746.wav",MACHINE,8.56,350,2440,380,False,0,4257,15016,"sua ligação foi encaminhada ao correio de voz pois a pessoa que você está tentando contatar não está disponível","[WHISPER_ERROR: HTTPConnectionPool(host='localhost', port=8090): Read timed out. (read timeout=15.0)]"
307,"191255-PRED-11995321049-1789758770.133747.wav",MACHINE,4.0,10,70,250,False,0,2103,15016,"ou fora da área de cobertura por favor tente mais tarde","[WHISPER_ERROR: HTTPConnectionPool(host='localhost', port=8090): Read timed out. (read timeout=15.0)]"
308,"191309-PRED-11966460000-1789758784.133787.wav",MACHINE,8.74,430,2500,530,False,0,3386,15017,"chamada foi encaminhada para o correio de voz pois a pessoa que você está tentando contatar não estar disponível grave","[WHISPER_ERROR: HTTPConnectionPool(host='localhost', port=8090): Read timed out. (read timeout=15.0)]"
309,"191310-PRED-14996192885-1789758770.133748.wav",MACHINE,9.02,170,260,240,False,0,470,15018,"","[WHISPER_ERROR: HTTPConnectionPool(host='localhost', port=8090): Read timed out. (read timeout=15.0)]"
310,"191314-PRED-11955816156-1789758771.133753.wav",MACHINE,8.64,2260,310,2870,False,0,1061,15016,"alô","[WHISPER_ERROR: HTTPConnectionPool(host='localhost', port=8090): Read timed out. (read timeout=15.0)]"
311,"191319-PRED-11967725694-1789758785.133795.wav",MACHINE,8.48,140,2670,350,False,0,5131,15017,"seu nome e o motivo da ligação poderei ver se esta pessoa está disponível","[WHISPER_ERROR: HTTPConnectionPool(host='localhost', port=8090): Read timed out. (read timeout=15.0)]"
312,"191321-PRED-14998244914-1789758785.133789.wav",MACHINE,1.96,1960,0,0,False,0,1152,15016,"","[WHISPER_ERROR: HTTPConnectionPool(host='localhost', port=8090): Read timed out. (read timeout=15.0)]"
313,"191322-PRED-11979699559-1789758798.133837.wav",MACHINE,15.6,30,180,15370,False,0,2249,15016,"","[WHISPER_ERROR: HTTPConnectionPool(host='localhost', port=8090): Read timed out. (read timeout=15.0)]"
314,"191325-PRED-11995807630-1789758791.133808.wav",MACHINE,7.38,7380,0,0,False,0,1324,15016,"","[WHISPER_ERROR: HTTPConnectionPool(host='localhost', port=8090): Read timed out. (read timeout=15.0)]"
315,"191333-PRED-16991971850-1789758792.133824.wav",MACHINE,14.78,14780,0,0,False,0,2099,15016,"","[WHISPER_ERROR: HTTPConnectionPool(host='localhost', port=8090): Read timed out. (read timeout=15.0)]"
316,"191336-PRED-16981411039-1789758811.133892.wav",MACHINE,8.14,8140,0,0,False,0,1359,15016,"","[WHISPER_ERROR: HTTPConnectionPool(host='localhost', port=8090): Read timed out. (read timeout=15.0)]"
317,"191337-PRED-13981078512-1789758809.133886.wav",MACHINE,4.86,4860,0,0,False,0,784,15016,"","[WHISPER_ERROR: HTTPConnectionPool(host='localhost', port=8090): Read timed out. (read timeout=15.0)]"
318,"191347-PRED-12981777923-1789758804.133878.wav",MACHINE,5.96,2350,500,3090,False,0,1843,15016,"","[WHISPER_ERROR: HTTPConnectionPool(host='localhost', port=8090): Read timed out. (read timeout=15.0)]"
319,"191348-PRED-19998837134-1789758813.133899.wav",MACHINE,9.68,9680,0,0,False,0,671,15016,"","[WHISPER_ERROR: HTTPConnectionPool(host='localhost', port=8090): Read timed out. (read timeout=15.0)]"
320,"191349-PRED-11998086622-1789758804.133877.wav",MACHINE,10.26,250,2450,370,False,0,4635,15016,"ligação foi encaminhada ao correio de voz pois a pessoa que você está tentando contratar não disponível grave a sua mensagem após o sinal você pode","[WHISPER_ERROR: HTTPConnectionPool(host='localhost', port=8090): Read timed out. (read timeout=15.0)]"
321,"191350-PRED-11971600201-1789758807.133885.wav",MACHINE,8.08,6740,270,1050,False,0,1105,15016,"","[WHISPER_ERROR: HTTPConnectionPool(host='localhost', port=8090): Read timed out. (read timeout=15.0)]"
322,"191353-PRED-11993054664-1789758819.133915.wav",MACHINE,10.88,10,110,10740,False,0,689,15018,"","[WHISPER_ERROR: HTTPConnectionPool(host='localhost', port=8090): Read timed out. (read timeout=15.0)]"
323,"191359-PRED-12982484643-1789758828.133959.wav",MACHINE,4.68,10,150,4500,False,0,914,15016,"","[WHISPER_ERROR: HTTPConnectionPool(host='localhost', port=8090): Read timed out. (read timeout=15.0)]"
324,"191400-PRED-14996131410-1789758823.133934.wav",MACHINE,4.92,4920,0,0,False,0,1017,15018,"","[WHISPER_ERROR: HTTPConnectionPool(host='localhost', port=8090): Read timed out. (read timeout=15.0)]"
325,"191409-PRED-12997003259-1789758830.133972.wav",MACHINE,3.64,2260,50,1310,False,0,820,15017,"","[WHISPER_ERROR: HTTPConnectionPool(host='localhost', port=8090): Read timed out. (read timeout=15.0)]"
326,"191412-PRED-15997517141-1789758832.133976.wav",MACHINE,5.88,5880,0,0,False,0,758,15016,"","[WHISPER_ERROR: HTTPConnectionPool(host='localhost', port=8090): Read timed out. (read timeout=15.0)]"
327,"191414-PRED-12996358428-1789758835.133982.wav",MACHINE,6.92,10,90,6800,False,0,811,15018,"","[WHISPER_ERROR: HTTPConnectionPool(host='localhost', port=8090): Read timed out. (read timeout=15.0)]"
328,"191417-PRED-11948877439-1789758840.134001.wav",MACHINE,2.58,60,100,750,False,0,903,15018,"","[WHISPER_ERROR: HTTPConnectionPool(host='localhost', port=8090): Read timed out. (read timeout=15.0)]"
329,"191418-PRED-11942492909-1789758851.134037.wav",MACHINE,9.32,9320,0,0,False,0,588,15017,"","[WHISPER_ERROR: HTTPConnectionPool(host='localhost', port=8090): Read timed out. (read timeout=15.0)]"
330,"191419-PRED-11949099399-1789758845.134011.wav",MACHINE,17.4,17400,0,0,False,0,1343,15017,"","[WHISPER_ERROR: HTTPConnectionPool(host='localhost', port=8090): Read timed out. (read timeout=15.0)]"
331,"191424-PRED-11953142027-1789758845.134009.wav",MACHINE,4.4,10,370,250,False,0,2164,15018,"nível ou fora da área de cobertura por favor tente mais tarde","[WHISPER_ERROR: HTTPConnectionPool(host='localhost', port=8090): Read timed out. (read timeout=15.0)]"
332,"191427-PRED-11945098051-1789758864.134088.wav",MACHINE,6.82,370,2170,380,False,0,4090,15015,"sua ligação foi encaminhada ao meio a pessoa que você está tentando contatar não estar disponível grave é somente","[WHISPER_ERROR: HTTPConnectionPool(host='localhost', port=8090): Read timed out. (read timeout=15.0)]"
333,"191428-PRED-17992705836-1789758862.134078.wav",MACHINE,3.9,420,450,450,False,0,3388,15016,"se você de ferro seu nome e o motivo","[WHISPER_ERROR: HTTPConnectionPool(host='localhost', port=8090): Read timed out. (read timeout=15.0)]"
334,"191429-PRED-12996766567-1789758855.134054.wav",MACHINE,9.26,7010,370,1160,False,0,1050,15017,"","[WHISPER_ERROR: HTTPConnectionPool(host='localhost', port=8090): Read timed out. (read timeout=15.0)]"
335,"191431-PRED-18997972857-1789758859.134073.wav",MACHINE,4.92,2650,0,2250,False,0,765,15016,"","[WHISPER_ERROR: HTTPConnectionPool(host='localhost', port=8090): Read timed out. (read timeout=15.0)]"
336,"191435-PRED-12981291389-1789758866.134101.wav",MACHINE,7.98,510,430,470,False,0,5419,15017,"olá se você de santos seu nome e o motivo da ligação poderei exerce essa pessoa está disponível","[WHISPER_ERROR: HTTPConnectionPool(host='localhost', port=8090): Read timed out. (read timeout=15.0)]"
337,"191443-PRED-11974656082-1789758866.134106.wav",MACHINE,3.96,1520,10,1370,False,0,1026,15016,"","[WHISPER_ERROR: HTTPConnectionPool(host='localhost', port=8090): Read timed out. (read timeout=15.0)]"
338,"191445-PRED-19982316631-1789758864.134094.wav",MACHINE,7.28,0,170,6960,False,0,1534,15016,"","[WHISPER_ERROR: HTTPConnectionPool(host='localhost', port=8090): Read timed out. (read timeout=15.0)]"
339,"191446-PRED-11999604990-1789758869.134112.wav",MACHINE,4.54,4540,0,0,False,0,1138,15016,"","[WHISPER_ERROR: HTTPConnectionPool(host='localhost', port=8090): Read timed out. (read timeout=15.0)]"
340,"191455-PRED-12988460380-1789758872.134117.wav",MACHINE,9.26,420,2450,390,False,0,4087,15016,"sua ligação foi encaminhada ao correio de voz pois a pessoa que você está tentando contatar não estar disponível grave a sua mensagem após o acidente","[WHISPER_ERROR: HTTPConnectionPool(host='localhost', port=8090): Read timed out. (read timeout=15.0)]"
341,"191500-PRED-18997287306-1789758889.134171.wav",MACHINE,7.42,6900,490,10,False,0,1233,15016,"","[WHISPER_ERROR: HTTPConnectionPool(host='localhost', port=8090): Read timed out. (read timeout=15.0)]"
342,"191500-PRED-19994885067-1789758890.134178.wav",MACHINE,12.58,12580,0,0,False,0,1131,15017,"","[WHISPER_ERROR: HTTPConnectionPool(host='localhost', port=8090): Read timed out. (read timeout=15.0)]"
343,"191503-PRED-11981658944-1789758891.134183.wav",MACHINE,4.1,570,310,2070,False,0,3241,15016,"","[WHISPER_ERROR: HTTPConnectionPool(host='localhost', port=8090): Read timed out. (read timeout=15.0)]"
344,"191504-PRED-19992681348-1789758890.134174.wav",MACHINE,5.34,10,90,5220,False,0,1820,15016,"","[WHISPER_ERROR: HTTPConnectionPool(host='localhost', port=8090): Read timed out. (read timeout=15.0)]"
345,"191505-PRED-16997583938-1789758902.134206.wav",MACHINE,8.32,290,2650,380,False,0,5016,15017,"chamada foi encaminhada para o correio de voz pois a pessoa que você está tentando contatar não estar disponível grave a sua mente","[WHISPER_ERROR: HTTPConnectionPool(host='localhost', port=8090): Read timed out. (read timeout=15.0)]"
346,"191512-PRED-14996317441-1789758904.134212.wav",MACHINE,20.76,20760,0,0,False,0,11392,15019,"","[WHISPER_ERROR: HTTPConnectionPool(host='localhost', port=8090): Read timed out. (read timeout=15.0)]"
347,"191513-PRED-19991733675-1789758890.134175.wav",MACHINE,3.44,0,80,3340,False,0,488,15016,"","[WHISPER_ERROR: HTTPConnectionPool(host='localhost', port=8090): Read timed out. (read timeout=15.0)]"
348,"191522-PRED-11979752774-1789758919.134228.wav",MACHINE,6.4,70,410,550,False,0,3195,15016,"olá se você disser seu nome e o motivo da ligação poderei ver se esta pessoa está fonte","[WHISPER_ERROR: HTTPConnectionPool(host='localhost', port=8090): Read timed out. (read timeout=15.0)]"
349,"191526-PRED-12981055032-1789758919.134230.wav",MACHINE,2.98,520,260,420,False,0,1882,15016,"olá se você disser seu nome e o motivo","[WHISPER_ERROR: HTTPConnectionPool(host='localhost', port=8090): Read timed out. (read timeout=15.0)]"
350,"191537-PRED-11966433997-1789758918.134226.wav",MACHINE,5.78,10,50,5700,False,0,738,15017,"","[WHISPER_ERROR: HTTPConnectionPool(host='localhost', port=8090): Read timed out. (read timeout=15.0)]"
351,"191547-PRED-15996522412-1789758922.134241.wav",MACHINE,1.96,280,10,320,False,0,2134,15015,"","[WHISPER_ERROR: HTTPConnectionPool(host='localhost', port=8090): Read timed out. (read timeout=15.0)]"
352,"191548-PRED-11977300298-1789758926.134254.wav",MACHINE,11.32,2020,30,3810,False,0,2538,15018,"","[WHISPER_ERROR: HTTPConnectionPool(host='localhost', port=8090): Read timed out. (read timeout=15.0)]"
353,"191548-PRED-18997747471-1789758943.134308.wav",MACHINE,10.24,10240,0,0,False,0,820,15022,"","[WHISPER_ERROR: HTTPConnectionPool(host='localhost', port=8090): Read timed out. (read timeout=15.0)]"
354,"191551-PRED-18991142154-1789758931.134283.wav",MACHINE,13.5,6920,400,3900,False,0,1020,15016,"","[WHISPER_ERROR: HTTPConnectionPool(host='localhost', port=8090): Read timed out. (read timeout=15.0)]"
355,"191553-PRED-18991646815-1789758931.134278.wav",MACHINE,12.12,12080,10,10,False,0,1025,15017,"","[WHISPER_ERROR: HTTPConnectionPool(host='localhost', port=8090): Read timed out. (read timeout=15.0)]"
356,"191555-PRED-15996102867-1789758943.134310.wav",MACHINE,5.3,5300,0,0,False,0,1369,15016,"","[WHISPER_ERROR: HTTPConnectionPool(host='localhost', port=8090): Read timed out. (read timeout=15.0)]"
357,"191556-PRED-15996304470-1789758949.134331.wav",MACHINE,5.02,0,140,2200,False,0,1889,15016,"","[WHISPER_ERROR: HTTPConnectionPool(host='localhost', port=8090): Read timed out. (read timeout=15.0)]"
358,"191559-PRED-14996229066-1789758947.134319.wav",MACHINE,5.24,3410,310,1390,False,0,981,15017,"","[WHISPER_ERROR: HTTPConnectionPool(host='localhost', port=8090): Read timed out. (read timeout=15.0)]"
359,"191602-PRED-17997258917-1789758943.134312.wav",MACHINE,9.7,9700,0,0,False,0,684,15016,"","[WHISPER_ERROR: HTTPConnectionPool(host='localhost', port=8090): Read timed out. (read timeout=15.0)]"
360,"191611-PRED-11975799280-1789758956.134346.wav",MACHINE,1.24,1240,0,0,False,0,342,15016,"","[WHISPER_ERROR: HTTPConnectionPool(host='localhost', port=8090): Read timed out. (read timeout=15.0)]"
361,"191612-PRED-11997508903-1789758959.134356.wav",MACHINE,16.5,4760,730,4980,False,0,1475,15016,"","[WHISPER_ERROR: HTTPConnectionPool(host='localhost', port=8090): Read timed out. (read timeout=15.0)]"
362,"191622-PRED-15996994153-1789758980.134382.wav",MACHINE,8.24,330,260,560,False,0,2687,15016,"olá se você disser seu nome e o motivo da ligação poderei ver se esta pessoa está disponível","[WHISPER_ERROR: HTTPConnectionPool(host='localhost', port=8090): Read timed out. (read timeout=15.0)]"
363,"191625-PRED-14997084955-1789758973.134365.wav",MACHINE,15.06,15060,0,0,False,0,1560,15019,"","[WHISPER_ERROR: HTTPConnectionPool(host='localhost', port=8090): Read timed out. (read timeout=15.0)]"
364,"191629-PRED-11947759532-1789758977.134376.wav",MACHINE,3.66,3660,0,0,False,0,1433,15016,"","[WHISPER_ERROR: HTTPConnectionPool(host='localhost', port=8090): Read timed out. (read timeout=15.0)]"
365,"191629-PRED-11961240200-1789758977.134379.wav",MACHINE,0.92,920,0,0,False,0,810,15016,"","[WHISPER_ERROR: HTTPConnectionPool(host='localhost', port=8090): Read timed out. (read timeout=15.0)]"
366,"191630-PRED-11999313948-1789758986.134400.wav",MACHINE,5.94,310,2430,510,False,0,3808,15022,"ligação foi encaminhada ao correio de voz pois a pessoa que você está tentando contatar","[WHISPER_ERROR: HTTPConnectionPool(host='localhost', port=8090): Read timed out. (read timeout=15.0)]"
367,"191638-PRED-18996605597-1789758989.134407.wav",MACHINE,18.92,12400,380,6120,False,0,11147,15017,"","[WHISPER_ERROR: HTTPConnectionPool(host='localhost', port=8090): Read timed out. (read timeout=15.0)]"
368,"191646-PRED-11963335576-1789759001.134440.wav",MACHINE,14.56,10,170,14360,False,0,981,15017,"","[WHISPER_ERROR: HTTPConnectionPool(host='localhost', port=8090): Read timed out. (read timeout=15.0)]"
369,"191649-PRED-11985226736-1789758991.134412.wav",MACHINE,3.64,570,40,2900,False,0,845,15016,"","[WHISPER_ERROR: HTTPConnectionPool(host='localhost', port=8090): Read timed out. (read timeout=15.0)]"
370,"191701-PRED-11964020119-1789759007.134465.wav",MACHINE,5.4,1670,370,3340,False,0,1287,15015,"a loja","[WHISPER_ERROR: HTTPConnectionPool(host='localhost', port=8090): Read timed out. (read timeout=15.0)]"
371,"191702-PRED-12981117740-1789759007.134467.wav",MACHINE,6.7,600,480,5600,False,0,2686,15018,"a lua","[WHISPER_ERROR: HTTPConnectionPool(host='localhost', port=8090): Read timed out. (read timeout=15.0)]"
372,"191706-PRED-11998105564-1789759022.134497.wav",MACHINE,6.42,60,2390,390,False,0,5142,15017,"uma ligação foi encaminhada ao correio de voz pois a pessoa que você está tentando contatar não está disponível","[WHISPER_ERROR: HTTPConnectionPool(host='localhost', port=8090): Read timed out. (read timeout=15.0)]"
373,"191708-PRED-11981610071-1789759022.134499.wav",MACHINE,8.32,1110,240,780,False,0,7335,15016,"olá sou uma serpente e a banda chamada para a pessoa que você está tentando contatar diga que você informe o motivo","[WHISPER_ERROR: HTTPConnectionPool(host='localhost', port=8090): Read timed out. (read timeout=15.0)]"
374,"191710-PRED-16982258138-1789759011.134483.wav",MACHINE,2.94,2830,0,90,False,0,1955,15017,"","[WHISPER_ERROR: HTTPConnectionPool(host='localhost', port=8090): Read timed out. (read timeout=15.0)]"
375,"191712-PRED-17997197779-1789759025.134506.wav",MACHINE,6.8,420,390,570,False,0,5587,15016,"olá se você disser seu nome e o motivo da ligação poderei ver se esta pessoa está disponível","[WHISPER_ERROR: HTTPConnectionPool(host='localhost', port=8090): Read timed out. (read timeout=15.0)]"
376,"191717-PRED-11993740306-1789759028.134523.wav",MACHINE,8.52,1040,330,2970,False,0,3746,15018,"alô alô","[WHISPER_ERROR: HTTPConnectionPool(host='localhost', port=8090): Read timed out. (read timeout=15.0)]"
377,"191718-PRED-11910317964-1789759030.134538.wav",MACHINE,4.86,820,330,3690,False,0,934,15016,"","[WHISPER_ERROR: HTTPConnectionPool(host='localhost', port=8090): Read timed out. (read timeout=15.0)]"
378,"191723-PRED-16992831009-1789759028.134527.wav",MACHINE,7.76,4310,350,3080,False,0,1310,15016,"a lua","[WHISPER_ERROR: HTTPConnectionPool(host='localhost', port=8090): Read timed out. (read timeout=15.0)]"
379,"191724-PRED-11947214010-1789759028.134525.wav",MACHINE,15.78,10,180,15570,False,0,1144,15016,"","[WHISPER_ERROR: HTTPConnectionPool(host='localhost', port=8090): Read timed out. (read timeout=15.0)]"
380,"191726-PRED-19993711937-1789759034.134554.wav",MACHINE,11.48,10,20,11430,False,0,530,15015,"","[WHISPER_ERROR: HTTPConnectionPool(host='localhost', port=8090): Read timed out. (read timeout=15.0)]"
381,"191728-PRED-14988355122-1789759034.134552.wav",MACHINE,4.16,620,800,1580,False,0,1267,15017,"","[WHISPER_ERROR: HTTPConnectionPool(host='localhost', port=8090): Read timed out. (read timeout=15.0)]"
382,"191730-PRED-11998300884-1789759030.134540.wav",MACHINE,4.9,4900,0,0,False,0,807,15016,"","[WHISPER_ERROR: HTTPConnectionPool(host='localhost', port=8090): Read timed out. (read timeout=15.0)]"
383,"191730-PRED-12981818936-1789759045.134589.wav",MACHINE,13.64,4290,1380,810,True,720,1590,15030,"grande cada agora","[WHISPER_ERROR: HTTPConnectionPool(host='localhost', port=8090): Read timed out. (read timeout=15.0)]"
384,"191739-PRED-11973679694-1789759056.134621.wav",MACHINE,7.04,360,250,450,False,0,2895,15016,"olá se você disser seu nome e o motivo da ligação poderei ver se esta pessoa está disponível","[WHISPER_ERROR: HTTPConnectionPool(host='localhost', port=8090): Read timed out. (read timeout=15.0)]"
385,"191743-PRED-12997337322-1789759049.134605.wav",MACHINE,4.0,4000,0,0,False,0,573,15016,"","[WHISPER_ERROR: HTTPConnectionPool(host='localhost', port=8090): Read timed out. (read timeout=15.0)]"
386,"191746-PRED-19993972620-1789759049.134599.wav",MACHINE,4.64,0,350,1660,False,0,1843,15029,"lhe ordenou","[WHISPER_ERROR: HTTPConnectionPool(host='localhost', port=8090): Read timed out. (read timeout=15.0)]"
387,"191751-PRED-18997836211-1789759065.134674.wav",MACHINE,19.36,930,240,3810,False,0,11430,15021,"","[WHISPER_ERROR: HTTPConnectionPool(host='localhost', port=8090): Read timed out. (read timeout=15.0)]"
388,"191756-PRED-17981242414-1789759056.134625.wav",MACHINE,7.78,160,2150,660,False,0,3932,15019,"sua ligação foi encaminhado ao correio de voz pois a pessoa que você está tentando contatar não estar disponível grave é sua mensagem","[WHISPER_ERROR: HTTPConnectionPool(host='localhost', port=8090): Read timed out. (read timeout=15.0)]"
389,"191802-PRED-12992363495-1789759062.134667.wav",MACHINE,14.74,30,140,14550,False,0,870,15017,"","[WHISPER_ERROR: HTTPConnectionPool(host='localhost', port=8090): Read timed out. (read timeout=15.0)]"
390,"191804-PRED-14996027117-1789759061.134651.wav",MACHINE,7.46,7460,0,0,False,0,579,15016,"","[WHISPER_ERROR: HTTPConnectionPool(host='localhost', port=8090): Read timed out. (read timeout=15.0)]"
391,"191811-PRED-11984199749-1789759079.134720.wav",MACHINE,6.88,6880,0,0,False,0,568,15012,"","[WHISPER_ERROR: HTTPConnectionPool(host='localhost', port=8090): Read timed out. (read timeout=15.0)]"
392,"191812-PRED-11940636145-1789759079.134714.wav",MACHINE,7.0,440,940,230,False,0,1207,15015,"o online","[WHISPER_ERROR: HTTPConnectionPool(host='localhost', port=8090): Read timed out. (read timeout=15.0)]"
393,"191817-PRED-77981542551-1789759079.134721.wav",MACHINE,8.08,1740,80,890,False,0,773,15017,"","[WHISPER_ERROR: HTTPConnectionPool(host='localhost', port=8090): Read timed out. (read timeout=15.0)]"
394,"191823-PRED-11931343031-1789759079.134715.wav",MACHINE,7.0,400,2400,540,False,0,3194,15016,"sua ligação foi encaminhada ao correio de voz pois a pessoa que você está tentando contatar não está disponível","[WHISPER_ERROR: HTTPConnectionPool(host='localhost', port=8090): Read timed out. (read timeout=15.0)]"
395,"191824-PRED-11942023443-1789759088.134751.wav",MACHINE,4.14,0,80,4040,False,0,1201,15017,"","[WHISPER_ERROR: HTTPConnectionPool(host='localhost', port=8090): Read timed out. (read timeout=15.0)]"
396,"191840-PRED-13997227673-1789759109.134821.wav",MACHINE,0.96,960,0,0,False,0,472,15017,"","[WHISPER_ERROR: HTTPConnectionPool(host='localhost', port=8090): Read timed out. (read timeout=15.0)]"
397,"191842-PRED-18997736942-1789759109.134829.wav",MACHINE,9.9,2640,510,6600,False,0,1277,15016,"","[WHISPER_ERROR: HTTPConnectionPool(host='localhost', port=8090): Read timed out. (read timeout=15.0)]"
398,"191843-PRED-19993579589-1789759111.134833.wav",MACHINE,1.82,1820,0,0,False,0,702,15017,"","[WHISPER_ERROR: HTTPConnectionPool(host='localhost', port=8090): Read timed out. (read timeout=15.0)]"
399,"191847-PRED-11958848009-1789759102.134808.wav",MACHINE,4.14,230,180,2540,False,0,2155,15017,"","[WHISPER_ERROR: HTTPConnectionPool(host='localhost', port=8090): Read timed out. (read timeout=15.0)]"
400,"191852-PRED-11940098186-1789759125.134871.wav",MACHINE,8.66,410,450,460,False,0,5533,15017,"olá de seu nome e o motivo da ligação poderei ver essa pessoa está disponível","[WHISPER_ERROR: HTTPConnectionPool(host='localhost', port=8090): Read timed out. (read timeout=15.0)]"
401,"191852-PRED-19987626603-1789759125.134877.wav",MACHINE,1.06,120,870,50,False,0,2076,15016,"ligação","[WHISPER_ERROR: HTTPConnectionPool(host='localhost', port=8090): Read timed out. (read timeout=15.0)]"
402,"191858-PRED-14991676674-1789759118.134852.wav",MACHINE,4.96,4960,0,0,False,0,1865,15016,"","[WHISPER_ERROR: HTTPConnectionPool(host='localhost', port=8090): Read timed out. (read timeout=15.0)]"
403,"191900-PRED-12981236070-1789759136.134916.wav",MACHINE,22.16,10,380,550,False,0,14414,15018,"se você disser seu nome e o motivo da ligação poderei ver se esta pessoa está disponível","[WHISPER_ERROR: HTTPConnectionPool(host='localhost', port=8090): Read timed out. (read timeout=15.0)]"
404,"191902-PRED-11947295617-1789759125.134876.wav",MACHINE,3.04,10,270,250,False,0,3329,15016,"ou fora da área de cobertura por favor","[WHISPER_ERROR: HTTPConnectionPool(host='localhost', port=8090): Read timed out. (read timeout=15.0)]"
405,"191903-PRED-14996843807-1789759118.134843.wav",MACHINE,13.64,10,60,13550,False,0,2158,15015,"","[WHISPER_ERROR: HTTPConnectionPool(host='localhost', port=8090): Read timed out. (read timeout=15.0)]"
406,"191905-PRED-14998861266-1789759126.134883.wav",MACHINE,6.06,0,190,3880,False,0,2567,15016,"","[WHISPER_ERROR: HTTPConnectionPool(host='localhost', port=8090): Read timed out. (read timeout=15.0)]"
407,"191905-PRED-15998441271-1789759121.134856.wav",MACHINE,9.82,10,190,6070,False,0,705,15017,"","[WHISPER_ERROR: HTTPConnectionPool(host='localhost', port=8090): Read timed out. (read timeout=15.0)]"
408,"191908-PRED-11996223326-1789759133.134913.wav",MACHINE,7.5,0,370,7110,False,0,1129,15016,"","[WHISPER_ERROR: HTTPConnectionPool(host='localhost', port=8090): Read timed out. (read timeout=15.0)]"
409,"191909-PRED-19974025629-1789759137.134926.wav",MACHINE,6.0,6000,0,0,False,0,839,15017,"","[WHISPER_ERROR: HTTPConnectionPool(host='localhost', port=8090): Read timed out. (read timeout=15.0)]"
410,"191909-PRED-19991925562-1789759125.134873.wav",MACHINE,12.88,4270,1380,840,True,720,2005,15017,"grande e cabe agora","[WHISPER_ERROR: HTTPConnectionPool(host='localhost', port=8090): Read timed out. (read timeout=15.0)]"
411,"191915-PRED-13981813825-1789759142.134945.wav",MACHINE,4.22,0,520,1140,False,0,2906,15016,"hotel","[WHISPER_ERROR: HTTPConnectionPool(host='localhost', port=8090): Read timed out. (read timeout=15.0)]"
412,"191929-PRED-11934659744-1789759167.134998.wav",MACHINE,2.6,100,260,580,False,0,1760,15015,"olá se você disser que seu nome","[WHISPER_ERROR: HTTPConnectionPool(host='localhost', port=8090): Read timed out. (read timeout=15.0)]"
413,"191939-PRED-19991724428-1789759163.134992.wav",MACHINE,7.18,7180,0,0,False,0,911,15018,"","[WHISPER_ERROR: HTTPConnectionPool(host='localhost', port=8090): Read timed out. (read timeout=15.0)]"
414,"191942-PRED-11985703842-1789759168.135002.wav",MACHINE,4.98,4980,0,0,False,0,1323,15016,"","[WHISPER_ERROR: HTTPConnectionPool(host='localhost', port=8090): Read timed out. (read timeout=15.0)]"
415,"191943-PRED-14997823700-1789759168.135004.wav",MACHINE,9.34,9340,0,0,False,0,789,15018,"","[WHISPER_ERROR: HTTPConnectionPool(host='localhost', port=8090): Read timed out. (read timeout=15.0)]"
416,"191948-PRED-14997997963-1789759183.135027.wav",MACHINE,3.02,450,2410,140,False,0,2107,15017,"sua ligação foi encaminhada ao correio de voz","[WHISPER_ERROR: HTTPConnectionPool(host='localhost', port=8090): Read timed out. (read timeout=15.0)]"
417,"191951-PRED-18991212028-1789759188.135037.wav",MACHINE,7.18,80,410,530,False,0,3327,15015,"olá se você disser seu nome e o motivo da chamada poderá exercer essa pessoa está disponível","[WHISPER_ERROR: HTTPConnectionPool(host='localhost', port=8090): Read timed out. (read timeout=15.0)]"
418,"191957-PRED-92984596714-1789759188.135039.wav",MACHINE,11.1,11100,0,0,False,0,828,15017,"","[WHISPER_ERROR: HTTPConnectionPool(host='localhost', port=8090): Read timed out. (read timeout=15.0)]"
419,"192005-PRED-11987382043-1789759195.135072.wav",MACHINE,0.9,10,860,10,False,0,1207,15016,"obrigada","[WHISPER_ERROR: HTTPConnectionPool(host='localhost', port=8090): Read timed out. (read timeout=15.0)]"
420,"192006-PRED-34999832297-1789759201.135091.wav",MACHINE,6.62,6620,0,0,False,0,830,15016,"","[WHISPER_ERROR: HTTPConnectionPool(host='localhost', port=8090): Read timed out. (read timeout=15.0)]"
421,"192007-PRED-11998882042-1789759190.135064.wav",MACHINE,3.48,500,360,2600,False,0,2050,15016,"agu","[WHISPER_ERROR: HTTPConnectionPool(host='localhost', port=8090): Read timed out. (read timeout=15.0)]"
422,"192019-PRED-16991246064-1789759212.135109.wav",MACHINE,0.98,100,220,640,False,0,395,15015,"","[WHISPER_ERROR: HTTPConnectionPool(host='localhost', port=8090): Read timed out. (read timeout=15.0)]"
423,"192021-PRED-16992048081-1789759209.135101.wav",MACHINE,6.42,4180,650,1570,False,0,808,15016,"","[WHISPER_ERROR: HTTPConnectionPool(host='localhost', port=8090): Read timed out. (read timeout=15.0)]"
424,"192023-PRED-14981229562-1789759212.135111.wav",MACHINE,5.3,2880,20,1290,False,0,1200,15017,"","[WHISPER_ERROR: HTTPConnectionPool(host='localhost', port=8090): Read timed out. (read timeout=15.0)]"
425,"192024-PRED-16993113013-1789759201.135090.wav",MACHINE,12.9,5650,40,820,False,0,681,15016,"","[WHISPER_ERROR: HTTPConnectionPool(host='localhost', port=8090): Read timed out. (read timeout=15.0)]"
426,"192030-PRED-19997230992-1789759217.135135.wav",MACHINE,1.16,1160,0,0,False,0,399,15016,"","[WHISPER_ERROR: HTTPConnectionPool(host='localhost', port=8090): Read timed out. (read timeout=15.0)]"
427,"192033-PRED-12991779502-1789759216.135121.wav",MACHINE,8.4,370,2150,670,False,0,2731,15016,"sua ligação foi encaminhada ao correio de voz pois a pessoa que você está tentando contatar não estar disponível grave a sua mensagem após assim","[WHISPER_ERROR: HTTPConnectionPool(host='localhost', port=8090): Read timed out. (read timeout=15.0)]"
428,"192041-PRED-14997711270-1789759228.135154.wav",MACHINE,0.96,960,0,0,False,0,445,15017,"","[WHISPER_ERROR: HTTPConnectionPool(host='localhost', port=8090): Read timed out. (read timeout=15.0)]"
429,"192043-PRED-16981080920-1789759225.135148.wav",MACHINE,8.56,4330,1380,840,True,720,1797,15016,"grande e cabe agora","[WHISPER_ERROR: HTTPConnectionPool(host='localhost', port=8090): Read timed out. (read timeout=15.0)]"
430,"192045-PRED-12997437827-1789759242.135188.wav",MACHINE,10.32,370,440,460,False,0,3708,15016,"olá se você disser seu nome e o motivo da ligação poderei ver se esta pessoa está disponível","[WHISPER_ERROR: HTTPConnectionPool(host='localhost', port=8090): Read timed out. (read timeout=15.0)]"
431,"192047-PRED-12996761906-1789759225.135146.wav",MACHINE,19.32,10,80,15210,False,0,11097,15019,"","[WHISPER_ERROR: HTTPConnectionPool(host='localhost', port=8090): Read timed out. (read timeout=15.0)]"
432,"192050-PRED-13974059562-1789759240.135175.wav",MACHINE,2.18,2180,0,0,False,0,1036,15016,"","[WHISPER_ERROR: HTTPConnectionPool(host='localhost', port=8090): Read timed out. (read timeout=15.0)]"
433,"192103-PRED-19992232880-1789759257.135244.wav",MACHINE,9.52,9520,0,0,False,0,1316,15017,"","[WHISPER_ERROR: HTTPConnectionPool(host='localhost', port=8090): Read timed out. (read timeout=15.0)]"
434,"192107-PRED-13981157021-1789759257.135242.wav",MACHINE,6.94,4580,360,1510,False,0,1767,15017,"","[WHISPER_ERROR: HTTPConnectionPool(host='localhost', port=8090): Read timed out. (read timeout=15.0)]"
435,"192115-PRED-17997080626-1789759259.135257.wav",MACHINE,8.72,8720,0,0,False,0,1462,15016,"","[WHISPER_ERROR: HTTPConnectionPool(host='localhost', port=8090): Read timed out. (read timeout=15.0)]"
436,"192116-PRED-12982614363-1789759257.135246.wav",MACHINE,10.16,10,170,9960,False,0,1055,15019,"","[WHISPER_ERROR: HTTPConnectionPool(host='localhost', port=8090): Read timed out. (read timeout=15.0)]"
437,"192117-PRED-11964995553-1789759274.135316.wav",MACHINE,4.56,250,120,570,False,0,3583,15015,"se você disser seu nome e o motivo da ligação poderem ver se és","[WHISPER_ERROR: HTTPConnectionPool(host='localhost', port=8090): Read timed out. (read timeout=15.0)]"
438,"192117-PRED-12982068054-1789759257.135254.wav",MACHINE,10.9,0,90,5130,False,0,1149,15016,"","[WHISPER_ERROR: HTTPConnectionPool(host='localhost', port=8090): Read timed out. (read timeout=15.0)]"
439,"192124-PRED-14996134863-1789759268.135295.wav",MACHINE,7.0,810,220,5950,False,0,2717,15016,"","[WHISPER_ERROR: HTTPConnectionPool(host='localhost', port=8090): Read timed out. (read timeout=15.0)]"
440,"192124-PRED-18997751247-1789759265.135270.wav",MACHINE,6.74,6740,0,0,False,0,901,15016,"","[WHISPER_ERROR: HTTPConnectionPool(host='localhost', port=8090): Read timed out. (read timeout=15.0)]"
441,"192127-PRED-11993048663-1789759268.135284.wav",MACHINE,12.1,3400,190,740,False,0,1650,15043,"","[WHISPER_ERROR: HTTPConnectionPool(host='localhost', port=8090): Read timed out. (read timeout=15.0)]"
442,"192134-PRED-11977727751-1789759284.135342.wav",MACHINE,3.08,160,300,2600,False,0,513,15016,"","[WHISPER_ERROR: HTTPConnectionPool(host='localhost', port=8090): Read timed out. (read timeout=15.0)]"
443,"192144-PRED-11999372161-1789759294.135360.wav",MACHINE,2.8,20,60,690,False,0,1530,15016,"","[WHISPER_ERROR: HTTPConnectionPool(host='localhost', port=8090): Read timed out. (read timeout=15.0)]"
444,"192148-PRED-13996609042-1789759300.135372.wav",MACHINE,12.16,1510,110,4490,False,0,900,15017,"a","[WHISPER_ERROR: HTTPConnectionPool(host='localhost', port=8090): Read timed out. (read timeout=15.0)]"
445,"192202-PRED-11988016929-1789759319.135440.wav",MACHINE,6.62,410,250,450,False,0,2942,15016,"olá se você disser seu nome e o motivo da ligação poderei ver se esta pessoa está disponível","[WHISPER_ERROR: HTTPConnectionPool(host='localhost', port=8090): Read timed out. (read timeout=15.0)]"
446,"192204-PRED-11995698448-1789759308.135415.wav",MACHINE,7.8,7800,0,0,False,0,1284,15017,"","[WHISPER_ERROR: HTTPConnectionPool(host='localhost', port=8090): Read timed out. (read timeout=15.0)]"
447,"192204-PRED-18997788337-1789759305.135397.wav",MACHINE,2.74,2740,0,0,False,0,696,15015,"","[WHISPER_ERROR: HTTPConnectionPool(host='localhost', port=8090): Read timed out. (read timeout=15.0)]"
448,"192209-PRED-11945533471-1789759325.135462.wav",MACHINE,9.88,10,210,6160,False,0,520,15016,"","[WHISPER_ERROR: HTTPConnectionPool(host='localhost', port=8090): Read timed out. (read timeout=15.0)]"
449,"192211-PRED-14998107440-1789759319.135439.wav",MACHINE,1.12,120,410,570,False,0,465,15016,"","[WHISPER_ERROR: HTTPConnectionPool(host='localhost', port=8090): Read timed out. (read timeout=15.0)]"
450,"192215-PRED-11985305348-1789759325.135460.wav",MACHINE,4.38,4380,0,0,False,0,444,15015,"","[WHISPER_ERROR: HTTPConnectionPool(host='localhost', port=8090): Read timed out. (read timeout=15.0)]"
451,"192218-PRED-14997029743-1789759321.135450.wav",MACHINE,2.74,2740,0,0,False,0,1022,15021,"","[WHISPER_ERROR: HTTPConnectionPool(host='localhost', port=8090): Read timed out. (read timeout=15.0)]"
452,"192222-PRED-11994668333-1789759337.135494.wav",MACHINE,3.0,640,2330,10,False,0,2149,15019,"sua ligação foi encaminhada ao correio de voz","[WHISPER_ERROR: HTTPConnectionPool(host='localhost', port=8090): Read timed out. (read timeout=15.0)]"
453,"192233-PRED-12996698899-1789759342.135509.wav",MACHINE,1.04,790,220,10,False,0,1102,15016,"longo","[WHISPER_ERROR: HTTPConnectionPool(host='localhost', port=8090): Read timed out. (read timeout=15.0)]"
454,"192234-PRED-11995473143-1789759351.135529.wav",MACHINE,9.98,700,2620,360,False,0,3839,15016,"chamada foi encaminhada para o correio de voz pois a pessoa que você está tentando contatar não está disponível grave a sua mensagem após o sinal","[WHISPER_ERROR: HTTPConnectionPool(host='localhost', port=8090): Read timed out. (read timeout=15.0)]"
455,"192235-PRED-16981771066-1789759342.135506.wav",MACHINE,4.5,0,3430,1050,False,0,483,15016,"","[WHISPER_ERROR: HTTPConnectionPool(host='localhost', port=8090): Read timed out. (read timeout=15.0)]"
456,"192238-PRED-16997813912-1789759344.135521.wav",MACHINE,5.88,5880,0,0,False,0,508,15017,"","[WHISPER_ERROR: HTTPConnectionPool(host='localhost', port=8090): Read timed out. (read timeout=15.0)]"
457,"192253-PRED-11934640389-1789759351.135528.wav",MACHINE,1.1,200,550,330,False,0,654,15016,"","[WHISPER_ERROR: HTTPConnectionPool(host='localhost', port=8090): Read timed out. (read timeout=15.0)]"
458,"192254-PRED-11947527501-1789759358.135546.wav",MACHINE,12.98,12980,0,0,False,0,794,15016,"","[WHISPER_ERROR: HTTPConnectionPool(host='localhost', port=8090): Read timed out. (read timeout=15.0)]"
459,"192258-PRED-11966832383-1789759358.135545.wav",MACHINE,4.62,910,40,860,False,0,785,15016,"","[WHISPER_ERROR: HTTPConnectionPool(host='localhost', port=8090): Read timed out. (read timeout=15.0)]"
460,"192300-PRED-11986454468-1789759358.135544.wav",MACHINE,6.0,950,940,690,False,0,2029,15019,"","[WHISPER_ERROR: HTTPConnectionPool(host='localhost', port=8090): Read timed out. (read timeout=15.0)]"
461,"192303-PRED-12974015521-1789759366.135572.wav",MACHINE,1.14,1140,0,0,False,0,1014,15016,"","[WHISPER_ERROR: HTTPConnectionPool(host='localhost', port=8090): Read timed out. (read timeout=15.0)]"
462,"192304-PRED-11964419141-1789759377.135605.wav",MACHINE,6.16,3280,1010,650,True,720,2309,15017,"grande","[WHISPER_ERROR: HTTPConnectionPool(host='localhost', port=8090): Read timed out. (read timeout=15.0)]"
463,"192308-PRED-16996384145-1789759375.135603.wav",MACHINE,4.04,4040,0,0,False,0,1276,15016,"","[WHISPER_ERROR: HTTPConnectionPool(host='localhost', port=8090): Read timed out. (read timeout=15.0)]"
464,"192312-PRED-16981288893-1789759382.135621.wav",MACHINE,7.9,7900,0,0,False,0,1277,15018,"","[WHISPER_ERROR: HTTPConnectionPool(host='localhost', port=8090): Read timed out. (read timeout=15.0)]"
465,"192315-PRED-11951568813-1789759388.135628.wav",MACHINE,2.88,2880,0,0,False,0,1039,15017,"","[WHISPER_ERROR: HTTPConnectionPool(host='localhost', port=8090): Read timed out. (read timeout=15.0)]"
466,"192324-PRED-11995327145-1789759397.135637.wav",MACHINE,5.8,5800,0,0,False,0,1162,15016,"","[WHISPER_ERROR: HTTPConnectionPool(host='localhost', port=8090): Read timed out. (read timeout=15.0)]"
467,"192334-PRED-11933679327-1789759402.135652.wav",MACHINE,12.26,12260,0,0,False,0,1066,15016,"","[WHISPER_ERROR: HTTPConnectionPool(host='localhost', port=8090): Read timed out. (read timeout=15.0)]"
468,"192334-PRED-13981466566-1789759412.135679.wav",MACHINE,8.86,10,2180,340,False,0,4648,15016,"ligação foi encaminhado ao meio a pessoa que você está tentando contatar não estar disponível grave a sua mensagem após o final","[WHISPER_ERROR: HTTPConnectionPool(host='localhost', port=8090): Read timed out. (read timeout=15.0)]"
469,"192341-PRED-11991021272-1789759401.135641.wav",MACHINE,10.08,3750,530,1190,False,0,2285,15016,"","[WHISPER_ERROR: HTTPConnectionPool(host='localhost', port=8090): Read timed out. (read timeout=15.0)]"
470,"192347-PRED-11992221439-1789759406.135663.wav",MACHINE,16.24,30,310,7470,False,0,3190,15016,"","[WHISPER_ERROR: HTTPConnectionPool(host='localhost', port=8090): Read timed out. (read timeout=15.0)]"
471,"192355-PRED-11948828238-1789759428.135702.wav",MACHINE,9.22,9220,0,0,False,0,1160,15039,"","[WHISPER_ERROR: HTTPConnectionPool(host='localhost', port=8090): Read timed out. (read timeout=15.0)]"
472,"192355-PRED-12988698302-1789759430.135707.wav",MACHINE,8.3,590,2460,380,False,0,4386,15018,"sua ligação foi encaminhada ao correio de voz pois a pessoa que você está tentando contatar não está disponível grave a sua mente","[WHISPER_ERROR: HTTPConnectionPool(host='localhost', port=8090): Read timed out. (read timeout=15.0)]"
473,"192359-PRED-11996595686-1789759430.135705.wav",MACHINE,3.12,1420,220,900,False,0,931,15015,"","[WHISPER_ERROR: HTTPConnectionPool(host='localhost', port=8090): Read timed out. (read timeout=15.0)]"
474,"192401-PRED-11991021272-1789759422.135689.wav",MACHINE,3.96,2340,370,430,False,0,810,15015,"","[WHISPER_ERROR: HTTPConnectionPool(host='localhost', port=8090): Read timed out. (read timeout=15.0)]"
475,"192406-PRED-11996363218-1789759431.135716.wav",MACHINE,2.06,2060,0,0,False,0,554,15015,"","[WHISPER_ERROR: HTTPConnectionPool(host='localhost', port=8090): Read timed out. (read timeout=15.0)]"
476,"192406-PRED-16996382872-1789759433.135737.wav",MACHINE,11.36,3890,460,6990,False,0,1182,15016,"a lua","[WHISPER_ERROR: HTTPConnectionPool(host='localhost', port=8090): Read timed out. (read timeout=15.0)]"
477,"192412-PRED-13988089775-1789759448.135766.wav",MACHINE,6.98,210,410,540,False,0,3250,15016,"olá se você disser seu nome e o motivo da ligação poderei ver esta pessoa está disponível","[WHISPER_ERROR: HTTPConnectionPool(host='localhost', port=8090): Read timed out. (read timeout=15.0)]"
478,"192417-PRED-18997356265-1789759450.135769.wav",MACHINE,7.74,7740,0,0,False,0,628,15029,"","[WHISPER_ERROR: HTTPConnectionPool(host='localhost', port=8090): Read timed out. (read timeout=15.0)]"
479,"192418-PRED-14998002018-1789759437.135752.wav",MACHINE,17.7,17700,0,0,False,0,10751,15018,"","[WHISPER_ERROR: HTTPConnectionPool(host='localhost', port=8090): Read timed out. (read timeout=15.0)]"
480,"192420-PRED-11987257190-1789759448.135765.wav",MACHINE,17.96,17960,0,0,False,0,10598,15017,"","[WHISPER_ERROR: HTTPConnectionPool(host='localhost', port=8090): Read timed out. (read timeout=15.0)]"
481,"192431-PRED-11996363218-1789759451.135774.wav",MACHINE,2.72,2720,0,0,False,0,741,15016,"","[WHISPER_ERROR: HTTPConnectionPool(host='localhost', port=8090): Read timed out. (read timeout=15.0)]"
482,"192439-PRED-11966841993-1789759471.135802.wav",MACHINE,11.5,11500,0,0,False,0,519,15016,"","[WHISPER_ERROR: HTTPConnectionPool(host='localhost', port=8090): Read timed out. (read timeout=15.0)]"
483,"192440-PRED-15997877719-1789759465.135795.wav",MACHINE,3.0,3000,0,0,False,0,425,15016,"","[WHISPER_ERROR: HTTPConnectionPool(host='localhost', port=8090): Read timed out. (read timeout=15.0)]"
484,"192448-PRED-11975004855-1789759483.135813.wav",MACHINE,15.56,14760,770,10,False,0,1641,15016,"","[WHISPER_ERROR: HTTPConnectionPool(host='localhost', port=8090): Read timed out. (read timeout=15.0)]"
485,"192449-PRED-16996382872-1789759479.135809.wav",MACHINE,6.96,40,220,6680,False,0,2074,15016,"","[WHISPER_ERROR: HTTPConnectionPool(host='localhost', port=8090): Read timed out. (read timeout=15.0)]"
486,"192453-PRED-14996041190-1789759488.135816.wav",MACHINE,3.1,10,20,560,False,0,3122,15017,"se você disser seu nome e o motivo da ligação","[WHISPER_ERROR: HTTPConnectionPool(host='localhost', port=8090): Read timed out. (read timeout=15.0)]"
487,"192507-PRED-11941486088-1789759501.135832.wav",MACHINE,3.86,3860,0,0,False,0,949,15021,"","[WHISPER_ERROR: HTTPConnectionPool(host='localhost', port=8090): Read timed out. (read timeout=15.0)]"
488,"192527-PRED-11977721061-1789759522.135850.wav",MACHINE,7.52,7520,0,0,False,0,724,15017,"","[WHISPER_ERROR: HTTPConnectionPool(host='localhost', port=8090): Read timed out. (read timeout=15.0)]"
489,"192533-PRED-15997707933-1789759517.135844.wav",MACHINE,14.04,14040,0,0,False,0,852,15017,"","[WHISPER_ERROR: HTTPConnectionPool(host='localhost', port=8090): Read timed out. (read timeout=15.0)]"
490,"192537-PRED-11949568045-1789759517.135848.wav",MACHINE,7.86,90,2410,550,False,0,3108,15016,"ligação foi encaminhada ao correio de voz pois a pessoa que você está tentando contatar não está disponível graves","[WHISPER_ERROR: HTTPConnectionPool(host='localhost', port=8090): Read timed out. (read timeout=15.0)]"
491,"192540-PRED-11965799990-1789759522.135851.wav",MACHINE,6.24,10,190,6020,False,0,1539,15016,"","[WHISPER_ERROR: HTTPConnectionPool(host='localhost', port=8090): Read timed out. (read timeout=15.0)]"
492,"192543-PRED-11984153590-1789759522.135854.wav",MACHINE,22.36,15070,730,240,False,0,11247,15020,"","[WHISPER_ERROR: HTTPConnectionPool(host='localhost', port=8090): Read timed out. (read timeout=15.0)]"
493,"192545-PRED-19991136003-1789759528.135889.wav",MACHINE,9.06,9060,0,0,False,0,1621,15016,"","[WHISPER_ERROR: HTTPConnectionPool(host='localhost', port=8090): Read timed out. (read timeout=15.0)]"
494,"192550-PRED-11987721413-1789759547.135943.wav",MACHINE,3.02,250,2430,320,False,0,2812,15018,"ligação foi encaminhada ao correio de voz","[WHISPER_ERROR: HTTPConnectionPool(host='localhost', port=8090): Read timed out. (read timeout=15.0)]"
495,"192552-PRED-11947107593-1789759540.135924.wav",MACHINE,2.52,2520,0,0,False,0,1611,15022,"","[WHISPER_ERROR: HTTPConnectionPool(host='localhost', port=8090): Read timed out. (read timeout=15.0)]"
496,"192554-PRED-19991796463-1789759548.135955.wav",MACHINE,3.42,3420,0,0,False,0,1140,15018,"","[WHISPER_ERROR: HTTPConnectionPool(host='localhost', port=8090): Read timed out. (read timeout=15.0)]"
497,"192557-PRED-11981468120-1789759535.135908.wav",MACHINE,12.16,10,180,3220,False,0,1246,15016,"","[WHISPER_ERROR: HTTPConnectionPool(host='localhost', port=8090): Read timed out. (read timeout=15.0)]"
498,"192601-PRED-11947518000-1789759540.135922.wav",MACHINE,6.46,330,2150,670,False,0,4316,15016,"sua ligação foi encaminhado ao correio de voz pois a pessoa que você está tentando contatar não está disponível","[WHISPER_ERROR: HTTPConnectionPool(host='localhost', port=8090): Read timed out. (read timeout=15.0)]"
499,"192603-PRED-11994506595-1789759558.135986.wav",MACHINE,20.3,10,40,18370,False,0,10804,15017,"","[WHISPER_ERROR: HTTPConnectionPool(host='localhost', port=8090): Read timed out. (read timeout=15.0)]"
500,"192607-PRED-14997610788-1789759558.135990.wav",MACHINE,3.12,60,600,2440,False,0,2439,15017,"","[WHISPER_ERROR: HTTPConnectionPool(host='localhost', port=8090): Read timed out. (read timeout=15.0)]"
501,"192608-PRED-19981639007-1789759555.135978.wav",MACHINE,1.7,20,10,300,False,0,1013,15013,"","[WHISPER_ERROR: HTTPConnectionPool(host='localhost', port=8090): Read timed out. (read timeout=15.0)]"
502,"192611-PRED-14997317528-1789759547.135945.wav",MACHINE,3.08,3080,0,0,False,0,790,15017,"","[WHISPER_ERROR: HTTPConnectionPool(host='localhost', port=8090): Read timed out. (read timeout=15.0)]"
503,"192614-PRED-17992803478-1789759563.135997.wav",MACHINE,3.84,10,170,3640,False,0,1020,15015,"","[WHISPER_ERROR: HTTPConnectionPool(host='localhost', port=8090): Read timed out. (read timeout=15.0)]"
504,"192627-PRED-85991766664-1789759580.136033.wav",MACHINE,10.38,30,220,6560,False,0,1120,15017,"","[WHISPER_ERROR: HTTPConnectionPool(host='localhost', port=8090): Read timed out. (read timeout=15.0)]"
505,"192632-PRED-11947043935-1789759567.136016.wav",MACHINE,11.86,20,120,8240,False,0,1135,15016,"","[WHISPER_ERROR: HTTPConnectionPool(host='localhost', port=8090): Read timed out. (read timeout=15.0)]"
506,"192635-PRED-11973798388-1789759587.136040.wav",MACHINE,14.3,14300,0,0,False,0,1420,15018,"","[WHISPER_ERROR: HTTPConnectionPool(host='localhost', port=8090): Read timed out. (read timeout=15.0)]"
507,"192637-PRED-11992269505-1789759588.136043.wav",MACHINE,11.04,170,110,7200,False,0,1020,15016,"","[WHISPER_ERROR: HTTPConnectionPool(host='localhost', port=8090): Read timed out. (read timeout=15.0)]"
508,"192637-PRED-11999196456-1789759588.136047.wav",MACHINE,4.98,1070,450,1240,False,0,1613,15017,"","[WHISPER_ERROR: HTTPConnectionPool(host='localhost', port=8090): Read timed out. (read timeout=15.0)]"
509,"192639-PRED-37998076668-1789759584.136035.wav",MACHINE,3.18,2220,10,930,False,0,715,15016,"","[WHISPER_ERROR: HTTPConnectionPool(host='localhost', port=8090): Read timed out. (read timeout=15.0)]"
510,"192641-PRED-11951355392-1789759598.136074.wav",MACHINE,4.34,200,450,530,False,0,2833,15016,"olá se você disser seu nome e o motivo da ligação","[WHISPER_ERROR: HTTPConnectionPool(host='localhost', port=8090): Read timed out. (read timeout=15.0)]"
511,"192643-PRED-11947936756-1789759588.136045.wav",MACHINE,5.0,160,180,2320,False,0,1510,15016,"","[WHISPER_ERROR: HTTPConnectionPool(host='localhost', port=8090): Read timed out. (read timeout=15.0)]"
512,"192653-PRED-11980748171-1789759610.136088.wav",MACHINE,8.04,310,2450,230,False,0,3890,15018,"sua ligação foi encaminhada ao meio a pessoa que você está tentando contatar não estar disponível grave a sua mensagem","[WHISPER_ERROR: HTTPConnectionPool(host='localhost', port=8090): Read timed out. (read timeout=15.0)]"
513,"192653-PRED-15997634414-1789759591.136050.wav",MACHINE,6.72,2290,220,710,False,0,1676,15016,"","[WHISPER_ERROR: HTTPConnectionPool(host='localhost', port=8090): Read timed out. (read timeout=15.0)]"
514,"192656-PRED-11986994846-1789759608.136082.wav",MACHINE,2.98,2980,0,0,False,0,637,15016,"","[WHISPER_ERROR: HTTPConnectionPool(host='localhost', port=8090): Read timed out. (read timeout=15.0)]"
515,"192709-PRED-11948179573-1789759622.136109.wav",MACHINE,11.54,11540,0,0,False,0,738,15017,"","[WHISPER_ERROR: HTTPConnectionPool(host='localhost', port=8090): Read timed out. (read timeout=15.0)]"
516,"192710-PRED-11953751341-1789759619.136105.wav",MACHINE,9.72,4460,1390,820,True,720,2398,15017,"grande cada agora","[WHISPER_ERROR: HTTPConnectionPool(host='localhost', port=8090): Read timed out. (read timeout=15.0)]"
517,"192719-PRED-11970908225-1789759630.136142.wav",MACHINE,4.0,20,2430,530,False,0,2535,15016,"ligação foi encaminhada ao correio de voz pois a pessoa que você","[WHISPER_ERROR: HTTPConnectionPool(host='localhost', port=8090): Read timed out. (read timeout=15.0)]"
518,"192726-PRED-11971364592-1789759634.136157.wav",MACHINE,7.06,1310,130,310,False,0,1721,15018,"","[WHISPER_ERROR: HTTPConnectionPool(host='localhost', port=8090): Read timed out. (read timeout=15.0)]"
519,"192733-PRED-47996617648-1789759641.136167.wav",MACHINE,0.98,980,0,0,False,0,379,15016,"","[WHISPER_ERROR: HTTPConnectionPool(host='localhost', port=8090): Read timed out. (read timeout=15.0)]"
520,"192734-PRED-18997855344-1789759642.136173.wav",MACHINE,3.08,3080,0,0,False,0,472,15016,"","[WHISPER_ERROR: HTTPConnectionPool(host='localhost', port=8090): Read timed out. (read timeout=15.0)]"
521,"192739-PRED-12997344555-1789759649.136184.wav",MACHINE,3.02,3020,0,0,False,0,1079,15016,"","[WHISPER_ERROR: HTTPConnectionPool(host='localhost', port=8090): Read timed out. (read timeout=15.0)]"
522,"192742-PRED-11947867827-1789759651.136189.wav",MACHINE,3.14,3140,0,0,False,0,913,15016,"","[WHISPER_ERROR: HTTPConnectionPool(host='localhost', port=8090): Read timed out. (read timeout=15.0)]"
523,"192755-PRED-11995784746-1789759669.136205.wav",MACHINE,11.12,470,400,560,False,0,4517,15018,"olá se você disser seu nome e o motivo da chamada poderá exercer essa pessoa está disponível","[WHISPER_ERROR: HTTPConnectionPool(host='localhost', port=8090): Read timed out. (read timeout=15.0)]"
524,"192800-PRED-11977067070-1789759671.136213.wav",MACHINE,2.48,910,70,1480,False,0,1649,15016,"","[WHISPER_ERROR: HTTPConnectionPool(host='localhost', port=8090): Read timed out. (read timeout=15.0)]"
525,"192804-PRED-11958646728-1789759669.136204.wav",MACHINE,12.12,4780,380,3440,False,0,2892,15022,"amor","[WHISPER_ERROR: HTTPConnectionPool(host='localhost', port=8090): Read timed out. (read timeout=15.0)]"
526,"192805-PRED-18997498965-1789759669.136203.wav",MACHINE,3.06,3060,0,0,False,0,1036,15026,"","[WHISPER_ERROR: HTTPConnectionPool(host='localhost', port=8090): Read timed out. (read timeout=15.0)]"
527,"192808-PRED-11997941380-1789759670.136209.wav",MACHINE,0.34,340,0,0,False,0,590,15016,"","[WHISPER_ERROR: HTTPConnectionPool(host='localhost', port=8090): Read timed out. (read timeout=15.0)]"
528,"192814-PRED-11987082394-1789759678.136217.wav",MACHINE,22.32,22320,0,0,False,0,10885,15017,"","[WHISPER_ERROR: HTTPConnectionPool(host='localhost', port=8090): Read timed out. (read timeout=15.0)]"
529,"192828-PRED-18988204184-1789759698.136243.wav",MACHINE,9.38,9380,0,0,False,0,765,15016,"","[WHISPER_ERROR: HTTPConnectionPool(host='localhost', port=8090): Read timed out. (read timeout=15.0)]"
530,"192833-PRED-19971121443-1789759709.136247.wav",MACHINE,4.4,10,390,250,False,0,2519,15018,"nível ou fora da área de cobertura por favor tente mais tarde","[WHISPER_ERROR: HTTPConnectionPool(host='localhost', port=8090): Read timed out. (read timeout=15.0)]"
531,"192838-PRED-11939384857-1789759709.136249.wav",MACHINE,23.38,7030,220,7000,False,0,10680,15016,"","[WHISPER_ERROR: HTTPConnectionPool(host='localhost', port=8090): Read timed out. (read timeout=15.0)]"
532,"192839-PRED-18997070018-1789759710.136251.wav",MACHINE,8.86,8860,0,0,False,0,824,15018,"","[WHISPER_ERROR: HTTPConnectionPool(host='localhost', port=8090): Read timed out. (read timeout=15.0)]"
533,"192843-PRED-13988404093-1789759720.136274.wav",MACHINE,11.06,330,410,550,False,0,4331,15019,"olá se você disser seu nome e o motivo da ligação poderei ver se esta pessoa está disponível","[WHISPER_ERROR: HTTPConnectionPool(host='localhost', port=8090): Read timed out. (read timeout=15.0)]"
534,"192845-PRED-16997101437-1789759711.136262.wav",MACHINE,3.06,1560,20,1460,False,0,805,15017,"","[WHISPER_ERROR: HTTPConnectionPool(host='localhost', port=8090): Read timed out. (read timeout=15.0)]"
535,"192854-PRED-12997778860-1789759711.136263.wav",MACHINE,17.86,12840,70,1890,False,0,10877,15022,"","[WHISPER_ERROR: HTTPConnectionPool(host='localhost', port=8090): Read timed out. (read timeout=15.0)]"
536,"192855-PRED-11982507324-1789759720.136278.wav",MACHINE,14.84,6810,220,350,False,0,1414,15017,"","[WHISPER_ERROR: HTTPConnectionPool(host='localhost', port=8090): Read timed out. (read timeout=15.0)]"
537,"192902-PRED-11993303310-1789759721.136280.wav",MACHINE,6.58,0,70,350,False,0,3562,15019,"","[WHISPER_ERROR: HTTPConnectionPool(host='localhost', port=8090): Read timed out. (read timeout=15.0)]"
538,"192910-PRED-14996593413-1789759738.136308.wav",MACHINE,14.02,14020,0,0,False,0,1933,15019,"","[WHISPER_ERROR: HTTPConnectionPool(host='localhost', port=8090): Read timed out. (read timeout=15.0)]"
539,"192923-PRED-16991234204-1789759742.136314.wav",MACHINE,11.4,40,190,2210,False,0,1722,15016,"a obra","[WHISPER_ERROR: HTTPConnectionPool(host='localhost', port=8090): Read timed out. (read timeout=15.0)]"
540,"192928-PRED-41995343681-1789759751.136331.wav",MACHINE,22.9,15940,720,240,False,0,10660,15017,"","[WHISPER_ERROR: HTTPConnectionPool(host='localhost', port=8090): Read timed out. (read timeout=15.0)]"
541,"192929-PRED-11996077159-1789759766.136381.wav",MACHINE,8.52,340,230,460,False,0,3008,15016,"olá se você disser seu nome e o motivo da ligação poderei ver se esta pessoa está disponível","[WHISPER_ERROR: HTTPConnectionPool(host='localhost', port=8090): Read timed out. (read timeout=15.0)]"
542,"192934-PRED-19996087687-1789759753.136352.wav",MACHINE,3.08,3080,0,0,False,0,657,15015,"","[WHISPER_ERROR: HTTPConnectionPool(host='localhost', port=8090): Read timed out. (read timeout=15.0)]"
543,"192935-PRED-11966087919-1789759755.136367.wav",MACHINE,2.22,2220,0,0,False,0,921,15016,"","[WHISPER_ERROR: HTTPConnectionPool(host='localhost', port=8090): Read timed out. (read timeout=15.0)]"
544,"192937-PRED-11977815991-1789759771.136388.wav",MACHINE,5.52,10,240,460,False,0,3989,15016,"se você de seu nome e o motivo da ligação poderei ver","[WHISPER_ERROR: HTTPConnectionPool(host='localhost', port=8090): Read timed out. (read timeout=15.0)]"
545,"192940-PRED-11983976119-1789759766.136384.wav",MACHINE,6.62,6620,0,0,False,0,520,15016,"","[WHISPER_ERROR: HTTPConnectionPool(host='localhost', port=8090): Read timed out. (read timeout=15.0)]"
546,"192944-PRED-11945442230-1789759779.136398.wav",MACHINE,9.8,440,400,560,False,0,3523,15017,"olá se você disser seu nome e o motivo da ligação poderei ver se esta pessoa está disponível","[WHISPER_ERROR: HTTPConnectionPool(host='localhost', port=8090): Read timed out. (read timeout=15.0)]"
547,"192944-PRED-17991536795-1789759762.136373.wav",MACHINE,10.82,520,2450,390,False,0,3633,15016,"sua ligação foi encaminhada ao correio de voz pois a pessoa que você está tentando contatar não está disponível grave a sua mensagem após o sinal você pode","[WHISPER_ERROR: HTTPConnectionPool(host='localhost', port=8090): Read timed out. (read timeout=15.0)]"
548,"193005-PRED-11967335458-1789759792.136418.wav",MACHINE,16.98,16980,0,0,False,0,1346,15020,"","[WHISPER_ERROR: HTTPConnectionPool(host='localhost', port=8090): Read timed out. (read timeout=15.0)]"
549,"193006-PRED-19993903408-1789759790.136417.wav",MACHINE,5.72,3620,10,710,False,0,805,15020,"","[WHISPER_ERROR: HTTPConnectionPool(host='localhost', port=8090): Read timed out. (read timeout=15.0)]"
550,"193009-PRED-14996840757-1789759795.136422.wav",MACHINE,9.76,540,150,3090,False,0,829,15016,"ao","[WHISPER_ERROR: HTTPConnectionPool(host='localhost', port=8090): Read timed out. (read timeout=15.0)]"
551,"193011-PRED-11966087919-1789759794.136421.wav",MACHINE,18.44,2680,350,7210,False,0,11952,15016,"","[WHISPER_ERROR: HTTPConnectionPool(host='localhost', port=8090): Read timed out. (read timeout=15.0)]"
552,"193016-PRED-11983976119-1789759798.136434.wav",MACHINE,18.44,5000,300,1750,False,0,12356,15016,"","[WHISPER_ERROR: HTTPConnectionPool(host='localhost', port=8090): Read timed out. (read timeout=15.0)]"
553,"193019-PRED-11993635844-1789759815.136484.wav",MACHINE,11.4,20,120,11240,False,0,1950,15016,"","[WHISPER_ERROR: HTTPConnectionPool(host='localhost', port=8090): Read timed out. (read timeout=15.0)]"
554,"193026-PRED-11993205777-1789759809.136468.wav",MACHINE,3.12,3120,0,0,False,0,1814,15017,"","[WHISPER_ERROR: HTTPConnectionPool(host='localhost', port=8090): Read timed out. (read timeout=15.0)]"
555,"193031-PRED-12991567265-1789759815.136486.wav",MACHINE,15.18,10,110,15040,False,0,1983,15016,"","[WHISPER_ERROR: HTTPConnectionPool(host='localhost', port=8090): Read timed out. (read timeout=15.0)]"
556,"193034-PRED-19993422477-1789759820.136503.wav",MACHINE,4.96,4960,0,0,False,0,1446,15017,"","[WHISPER_ERROR: HTTPConnectionPool(host='localhost', port=8090): Read timed out. (read timeout=15.0)]"
557,"193037-PRED-14996622797-1789759832.136510.wav",MACHINE,3.0,3000,0,0,False,0,724,15015,"","[WHISPER_ERROR: HTTPConnectionPool(host='localhost', port=8090): Read timed out. (read timeout=15.0)]"
558,"193100-PRED-11959062048-1789759857.136522.wav",MACHINE,6.16,50,260,480,False,0,3389,15017,"olá se você disser seu nome e o motivo da chamada poderei ver certa pessoa está disponível","[WHISPER_ERROR: HTTPConnectionPool(host='localhost', port=8090): Read timed out. (read timeout=15.0)]"
559,"193115-PRED-11969056857-1789759857.136520.wav",MACHINE,6.18,6180,0,0,False,0,719,15016,"","[WHISPER_ERROR: HTTPConnectionPool(host='localhost', port=8090): Read timed out. (read timeout=15.0)]"
560,"193116-PRED-16994642808-1789759871.136536.wav",MACHINE,5.7,10,190,5480,False,0,895,15016,"","[WHISPER_ERROR: HTTPConnectionPool(host='localhost', port=8090): Read timed out. (read timeout=15.0)]"
561,"193120-PRED-11981677078-1789759857.136523.wav",MACHINE,8.92,4920,40,2480,False,0,509,15016,"","[WHISPER_ERROR: HTTPConnectionPool(host='localhost', port=8090): Read timed out. (read timeout=15.0)]"
562,"193121-PRED-11982791834-1789759868.136531.wav",MACHINE,8.6,170,290,2850,False,0,1221,15017,"","[WHISPER_ERROR: HTTPConnectionPool(host='localhost', port=8090): Read timed out. (read timeout=15.0)]"
563,"193122-PRED-18997012009-1789759871.136535.wav",MACHINE,15.76,15760,0,0,False,0,1292,15017,"","[WHISPER_ERROR: HTTPConnectionPool(host='localhost', port=8090): Read timed out. (read timeout=15.0)]"
564,"193128-PRED-11987826038-1789759879.136558.wav",MACHINE,8.62,520,0,3400,False,0,1398,15017,"alô","[WHISPER_ERROR: HTTPConnectionPool(host='localhost', port=8090): Read timed out. (read timeout=15.0)]"
565,"193133-PRED-11995216120-1789759882.136577.wav",MACHINE,2.1,1830,10,240,False,0,982,15016,"","[WHISPER_ERROR: HTTPConnectionPool(host='localhost', port=8090): Read timed out. (read timeout=15.0)]"
566,"193139-PRED-11947948785-1789759895.136618.wav",MACHINE,5.56,420,2420,530,False,0,3302,15016,"sua ligação foi encaminhada ao correio de voz pois a pessoa que você está tentando contatos","[WHISPER_ERROR: HTTPConnectionPool(host='localhost', port=8090): Read timed out. (read timeout=15.0)]"
567,"193140-PRED-11979852928-1789759885.136594.wav",MACHINE,5.54,110,430,210,False,0,2170,15017,"","[WHISPER_ERROR: HTTPConnectionPool(host='localhost', port=8090): Read timed out. (read timeout=15.0)]"
568,"193147-PRED-16992898186-1789759896.136625.wav",MACHINE,10.5,3460,360,4150,False,0,1709,15019,"água","[WHISPER_ERROR: HTTPConnectionPool(host='localhost', port=8090): Read timed out. (read timeout=15.0)]"
569,"193154-PRED-11943544487-1789759911.136685.wav",MACHINE,8.16,150,410,550,False,0,3432,15016,"olá se você disser seu nome e o motivo da chamada poder exercer essa pessoa está disponível","[WHISPER_ERROR: HTTPConnectionPool(host='localhost', port=8090): Read timed out. (read timeout=15.0)]"
570,"193200-PRED-12991007408-1789759911.136687.wav",MACHINE,5.08,910,20,790,False,0,999,15016,"","[WHISPER_ERROR: HTTPConnectionPool(host='localhost', port=8090): Read timed out. (read timeout=15.0)]"
571,"193205-PRED-12981776491-1789759914.136689.wav",MACHINE,10.28,10280,0,0,False,0,915,15019,"","[WHISPER_ERROR: HTTPConnectionPool(host='localhost', port=8090): Read timed out. (read timeout=15.0)]"
572,"193208-PRED-14997710380-1789759914.136696.wav",MACHINE,2.82,1600,10,220,False,0,785,15016,"","[WHISPER_ERROR: HTTPConnectionPool(host='localhost', port=8090): Read timed out. (read timeout=15.0)]"
573,"193210-PRED-11957819366-1789759910.136675.wav",MACHINE,8.22,0,380,3360,False,0,1369,15016,"a loja","[WHISPER_ERROR: HTTPConnectionPool(host='localhost', port=8090): Read timed out. (read timeout=15.0)]"
574,"193212-PRED-19997263013-1789759918.136705.wav",MACHINE,4.8,4800,0,0,False,0,702,15016,"","[WHISPER_ERROR: HTTPConnectionPool(host='localhost', port=8090): Read timed out. (read timeout=15.0)]"
575,"193213-PRED-11986072534-1789759924.136716.wav",MACHINE,14.42,10,30,14360,False,0,1097,15016,"","[WHISPER_ERROR: HTTPConnectionPool(host='localhost', port=8090): Read timed out. (read timeout=15.0)]"
576,"193214-PRED-11971821703-1789759924.136718.wav",MACHINE,4.98,270,930,1190,False,0,3166,15016,"não foi possível completar a chamada","[WHISPER_ERROR: HTTPConnectionPool(host='localhost', port=8090): Read timed out. (read timeout=15.0)]"
577,"193216-PRED-11954814686-1789759927.136726.wav",MACHINE,13.22,13220,0,0,False,0,741,15016,"","[WHISPER_ERROR: HTTPConnectionPool(host='localhost', port=8090): Read timed out. (read timeout=15.0)]"
578,"193217-PRED-11947622044-1789759931.136745.wav",MACHINE,0.74,740,0,0,False,0,458,15017,"","[WHISPER_ERROR: HTTPConnectionPool(host='localhost', port=8090): Read timed out. (read timeout=15.0)]"
579,"193220-PRED-11970144526-1789759924.136720.wav",MACHINE,6.3,6300,0,0,False,0,910,15017,"","[WHISPER_ERROR: HTTPConnectionPool(host='localhost', port=8090): Read timed out. (read timeout=15.0)]"
580,"193229-PRED-11967113128-1789759929.136739.wav",MACHINE,8.06,7090,460,490,False,0,1051,15017,"","[WHISPER_ERROR: HTTPConnectionPool(host='localhost', port=8090): Read timed out. (read timeout=15.0)]"
581,"193244-PRED-11967275773-1789759948.136783.wav",MACHINE,5.96,10,60,5870,False,0,895,15016,"","[WHISPER_ERROR: HTTPConnectionPool(host='localhost', port=8090): Read timed out. (read timeout=15.0)]"
582,"193244-PRED-11987421703-1789759952.136800.wav",MACHINE,11.62,0,90,8050,False,0,1705,15017,"","[WHISPER_ERROR: HTTPConnectionPool(host='localhost', port=8090): Read timed out. (read timeout=15.0)]"
583,"193245-PRED-11966746185-1789759951.136791.wav",MACHINE,21.16,1090,0,540,False,0,14413,15018,"a lua","[WHISPER_ERROR: HTTPConnectionPool(host='localhost', port=8090): Read timed out. (read timeout=15.0)]"
584,"193247-PRED-11968046924-1789759952.136797.wav",MACHINE,24.66,80,20,260,False,0,11587,15051,"alô","[WHISPER_ERROR: HTTPConnectionPool(host='localhost', port=8090): Read timed out. (read timeout=15.0)]"
585,"193251-PRED-14997969781-1789759958.136828.wav",MACHINE,2.06,760,20,1260,False,0,1320,15017,"","[WHISPER_ERROR: HTTPConnectionPool(host='localhost', port=8090): Read timed out. (read timeout=15.0)]"
586,"193252-PRED-15996420403-1789759967.136854.wav",MACHINE,10.9,390,40,8010,False,0,2375,15017,"","[WHISPER_ERROR: HTTPConnectionPool(host='localhost', port=8090): Read timed out. (read timeout=15.0)]"
587,"193254-PRED-11994084144-1789759952.136801.wav",MACHINE,4.52,100,270,2530,False,0,1387,15016,"","[WHISPER_ERROR: HTTPConnectionPool(host='localhost', port=8090): Read timed out. (read timeout=15.0)]"
588,"193255-PRED-12996712247-1789759971.136867.wav",MACHINE,6.32,6320,0,0,False,0,1011,15019,"","[WHISPER_ERROR: HTTPConnectionPool(host='localhost', port=8090): Read timed out. (read timeout=15.0)]"
589,"193259-PRED-17997083970-1789759969.136858.wav",MACHINE,10.16,5650,0,430,False,0,1537,15017,"","[WHISPER_ERROR: HTTPConnectionPool(host='localhost', port=8090): Read timed out. (read timeout=15.0)]"
590,"193303-PRED-12991328791-1789759958.136830.wav",MACHINE,9.38,9380,0,0,False,0,942,15018,"","[WHISPER_ERROR: HTTPConnectionPool(host='localhost', port=8090): Read timed out. (read timeout=15.0)]"
591,"193305-PRED-11959442624-1789759967.136855.wav",MACHINE,8.68,0,40,8620,False,0,861,15016,"","[WHISPER_ERROR: HTTPConnectionPool(host='localhost', port=8090): Read timed out. (read timeout=15.0)]"
592,"193314-PRED-17991097831-1789759971.136863.wav",MACHINE,9.52,9520,0,0,False,0,528,15018,"","[WHISPER_ERROR: HTTPConnectionPool(host='localhost', port=8090): Read timed out. (read timeout=15.0)]"
593,"193320-PRED-11980405312-1789759992.136901.wav",MACHINE,16.78,7890,390,530,False,0,1919,15017,"","[WHISPER_ERROR: HTTPConnectionPool(host='localhost', port=8090): Read timed out. (read timeout=15.0)]"
594,"193321-PRED-11990064729-1789759984.136887.wav",MACHINE,10.26,10,30,10200,False,0,609,15015,"","[WHISPER_ERROR: HTTPConnectionPool(host='localhost', port=8090): Read timed out. (read timeout=15.0)]"
595,"193324-PRED-11970786982-1789759987.136895.wav",MACHINE,14.9,14900,0,0,False,0,1207,15017,"","[WHISPER_ERROR: HTTPConnectionPool(host='localhost', port=8090): Read timed out. (read timeout=15.0)]"
596,"193341-PRED-11960772092-1789760007.136942.wav",MACHINE,13.4,10,90,13280,False,0,704,15016,"","[WHISPER_ERROR: HTTPConnectionPool(host='localhost', port=8090): Read timed out. (read timeout=15.0)]"
597,"193347-PRED-11995097657-1789760012.136965.wav",MACHINE,11.2,560,40,1290,False,0,1092,15017,"","[WHISPER_ERROR: HTTPConnectionPool(host='localhost', port=8090): Read timed out. (read timeout=15.0)]"
598,"193350-PRED-15998434343-1789760020.136988.wav",MACHINE,13.68,13680,0,0,False,0,1108,15016,"","[WHISPER_ERROR: HTTPConnectionPool(host='localhost', port=8090): Read timed out. (read timeout=15.0)]"
599,"193354-PRED-11998598260-1789760011.136956.wav",MACHINE,17.12,17120,0,0,False,0,980,15016,"","[WHISPER_ERROR: HTTPConnectionPool(host='localhost', port=8090): Read timed out. (read timeout=15.0)]"
600,"193356-PRED-19999593232-1789760023.136992.wav",MACHINE,6.84,0,150,6670,False,0,606,15017,"","[WHISPER_ERROR: HTTPConnectionPool(host='localhost', port=8090): Read timed out. (read timeout=15.0)]"
601,"193400-PRED-11947704403-1789760023.136994.wav",MACHINE,7.1,7100,0,0,False,0,672,15016,"","[WHISPER_ERROR: HTTPConnectionPool(host='localhost', port=8090): Read timed out. (read timeout=15.0)]"
602,"193416-PRED-11973781101-1789760041.137052.wav",MACHINE,8.52,180,40,560,False,0,832,15016,"","[WHISPER_ERROR: HTTPConnectionPool(host='localhost', port=8090): Read timed out. (read timeout=15.0)]"
603,"193416-PRED-14988091083-1789760033.137018.wav",MACHINE,3.54,3540,0,0,False,0,831,15015,"","[WHISPER_ERROR: HTTPConnectionPool(host='localhost', port=8090): Read timed out. (read timeout=15.0)]"
604,"193420-PRED-11996661570-1789760037.137038.wav",MACHINE,10.82,6420,3230,1150,False,0,1038,15017,"","[WHISPER_ERROR: HTTPConnectionPool(host='localhost', port=8090): Read timed out. (read timeout=15.0)]"
605,"193423-PRED-14991118829-1789760047.137070.wav",MACHINE,7.4,7400,0,0,False,0,1260,15027,"","[WHISPER_ERROR: HTTPConnectionPool(host='localhost', port=8090): Read timed out. (read timeout=15.0)]"
606,"193431-PRED-18996324480-1789760060.137106.wav",MACHINE,4.24,20,410,3790,False,0,2493,15018,"alô","[WHISPER_ERROR: HTTPConnectionPool(host='localhost', port=8090): Read timed out. (read timeout=15.0)]"
607,"193434-PRED-11958316410-1789760071.137135.wav",MACHINE,10.38,200,260,600,False,0,3562,15017,"olá se você disser seu nome e o motivo da chamada poderei ver se essa pessoa está disponível","[WHISPER_ERROR: HTTPConnectionPool(host='localhost', port=8090): Read timed out. (read timeout=15.0)]"
608,"193435-PRED-14996209269-1789760060.137097.wav",MACHINE,4.92,4920,0,0,False,0,998,15016,"","[WHISPER_ERROR: HTTPConnectionPool(host='localhost', port=8090): Read timed out. (read timeout=15.0)]"
609,"193437-PRED-12991275066-1789760063.137116.wav",MACHINE,11.52,11520,0,0,False,0,919,15013,"","[WHISPER_ERROR: HTTPConnectionPool(host='localhost', port=8090): Read timed out. (read timeout=15.0)]"
610,"193444-PRED-11975522091-1789760071.137142.wav",MACHINE,8.22,8220,0,0,False,0,959,15016,"","[WHISPER_ERROR: HTTPConnectionPool(host='localhost', port=8090): Read timed out. (read timeout=15.0)]"
611,"193445-PRED-11959821883-1789760071.137136.wav",MACHINE,4.72,4370,310,20,False,0,1372,15016,"grande","[WHISPER_ERROR: HTTPConnectionPool(host='localhost', port=8090): Read timed out. (read timeout=15.0)]"
612,"193446-PRED-11963393422-1789760065.137122.wav",MACHINE,10.48,8710,590,1160,False,0,1676,15019,"","[WHISPER_ERROR: HTTPConnectionPool(host='localhost', port=8090): Read timed out. (read timeout=15.0)]"
613,"193447-PRED-11991481450-1789760075.137159.wav",MACHINE,11.18,2610,650,270,False,0,2217,15016,"","[WHISPER_ERROR: HTTPConnectionPool(host='localhost', port=8090): Read timed out. (read timeout=15.0)]"
614,"193447-PRED-19974154509-1789760081.137173.wav",MACHINE,10.54,10540,0,0,False,0,1175,15016,"","[WHISPER_ERROR: HTTPConnectionPool(host='localhost', port=8090): Read timed out. (read timeout=15.0)]"
615,"193449-PRED-15996816640-1789760081.137175.wav",MACHINE,9.02,9020,0,0,False,0,1712,15028,"","[WHISPER_ERROR: HTTPConnectionPool(host='localhost', port=8090): Read timed out. (read timeout=15.0)]"
616,"193452-PRED-11968828995-1789760078.137167.wav",MACHINE,18.98,480,270,4230,False,0,11462,15017,"alô","[WHISPER_ERROR: HTTPConnectionPool(host='localhost', port=8090): Read timed out. (read timeout=15.0)]"
617,"193452-PRED-18997455951-1789760071.137134.wav",MACHINE,9.52,120,460,6570,False,0,1011,15016,"","[WHISPER_ERROR: HTTPConnectionPool(host='localhost', port=8090): Read timed out. (read timeout=15.0)]"
618,"193505-PRED-11989383722-1789760082.137186.wav",MACHINE,3.32,0,10,470,False,0,1490,15034,"","[WHISPER_ERROR: HTTPConnectionPool(host='localhost', port=8090): Read timed out. (read timeout=15.0)]"
619,"193515-PRED-14996141939-1789760104.137229.wav",MACHINE,13.96,6280,2830,2420,False,0,1317,15017,"","[WHISPER_ERROR: HTTPConnectionPool(host='localhost', port=8090): Read timed out. (read timeout=15.0)]"
620,"193518-PRED-11997922926-1789760110.137243.wav",MACHINE,9.76,7080,230,2430,False,0,847,15016,"","[WHISPER_ERROR: HTTPConnectionPool(host='localhost', port=8090): Read timed out. (read timeout=15.0)]"
621,"193520-PRED-17997113320-1789760109.137239.wav",MACHINE,7.34,7340,0,0,False,0,735,15016,"","[WHISPER_ERROR: HTTPConnectionPool(host='localhost', port=8090): Read timed out. (read timeout=15.0)]"
622,"193521-PRED-19994953000-1789760101.137222.wav",MACHINE,15.28,15280,0,0,False,0,1289,15017,"","[WHISPER_ERROR: HTTPConnectionPool(host='localhost', port=8090): Read timed out. (read timeout=15.0)]"
623,"193523-PRED-11982896509-1789760113.137259.wav",MACHINE,3.76,2720,20,1000,False,0,965,15018,"","[WHISPER_ERROR: HTTPConnectionPool(host='localhost', port=8090): Read timed out. (read timeout=15.0)]"
624,"193534-PRED-18997441285-1789760110.137245.wav",MACHINE,10.2,10200,0,0,False,0,791,15017,"","[WHISPER_ERROR: HTTPConnectionPool(host='localhost', port=8090): Read timed out. (read timeout=15.0)]"
625,"193536-PRED-14981046619-1789760130.137303.wav",MACHINE,13.52,13520,0,0,False,0,1022,15017,"","[WHISPER_ERROR: HTTPConnectionPool(host='localhost', port=8090): Read timed out. (read timeout=15.0)]"
626,"193540-PRED-11997560997-1789760131.137307.wav",MACHINE,18.4,11300,1920,300,False,0,10803,15016,"","[WHISPER_ERROR: HTTPConnectionPool(host='localhost', port=8090): Read timed out. (read timeout=15.0)]"
627,"193543-PRED-16993130973-1789760130.137301.wav",MACHINE,7.96,910,2440,390,False,0,2856,15017,"sua ligação foi encaminhada ao correio de voz pois a pessoa que você está tentando contatar não está disponível","[WHISPER_ERROR: HTTPConnectionPool(host='localhost', port=8090): Read timed out. (read timeout=15.0)]"
628,"193545-PRED-11975024405-1789760131.137305.wav",MACHINE,10.54,10,2370,520,False,0,3502,15018,"ligação foi encaminhada ao correio de voz pois a pessoa que você está tentando contatar não estar disponível graves ou mensagem após o sinal você pode","[WHISPER_ERROR: HTTPConnectionPool(host='localhost', port=8090): Read timed out. (read timeout=15.0)]"
629,"193548-PRED-14998674030-1789760133.137329.wav",MACHINE,6.98,6980,0,0,False,0,953,15017,"","[WHISPER_ERROR: HTTPConnectionPool(host='localhost', port=8090): Read timed out. (read timeout=15.0)]"
630,"193549-PRED-11973272354-1789760126.137298.wav",MACHINE,14.26,5800,10,3830,False,0,1576,15016,"","[WHISPER_ERROR: HTTPConnectionPool(host='localhost', port=8090): Read timed out. (read timeout=15.0)]"
631,"193549-PRED-11982451562-1789760131.137315.wav",MACHINE,5.78,160,70,5530,False,0,959,15016,"","[WHISPER_ERROR: HTTPConnectionPool(host='localhost', port=8090): Read timed out. (read timeout=15.0)]"
632,"193550-PRED-16991052619-1789760145.137373.wav",MACHINE,9.8,50,220,6020,False,0,929,15016,"","[WHISPER_ERROR: HTTPConnectionPool(host='localhost', port=8090): Read timed out. (read timeout=15.0)]"
633,"193555-PRED-12997225526-1789760137.137337.wav",MACHINE,4.1,4100,0,0,False,0,1270,15017,"","[WHISPER_ERROR: HTTPConnectionPool(host='localhost', port=8090): Read timed out. (read timeout=15.0)]"
634,"193609-PRED-11949984115-1789760156.137398.wav",MACHINE,14.14,10,220,13890,False,0,1492,15019,"","[WHISPER_ERROR: HTTPConnectionPool(host='localhost', port=8090): Read timed out. (read timeout=15.0)]"
635,"193610-PRED-16997761306-1789760161.137404.wav",MACHINE,14.36,14360,0,0,False,0,1476,15017,"","[WHISPER_ERROR: HTTPConnectionPool(host='localhost', port=8090): Read timed out. (read timeout=15.0)]"
636,"193613-PRED-11970952327-1789760150.137386.wav",MACHINE,9.72,110,210,2870,False,0,2360,15016,"","[WHISPER_ERROR: HTTPConnectionPool(host='localhost', port=8090): Read timed out. (read timeout=15.0)]"
637,"193616-PRED-19992232541-1789760163.137410.wav",MACHINE,1.12,180,270,650,False,0,994,15017,"","[WHISPER_ERROR: HTTPConnectionPool(host='localhost', port=8090): Read timed out. (read timeout=15.0)]"
638,"193622-PRED-13996322102-1789760160.137400.wav",MACHINE,0.98,410,30,520,False,0,599,15015,"","[WHISPER_ERROR: HTTPConnectionPool(host='localhost', port=8090): Read timed out. (read timeout=15.0)]"
639,"193629-PRED-11940163113-1789760184.137480.wav",MACHINE,10.5,10,2610,250,False,0,2272,15016,"seu nome e o motivo da ligação poderei ver se esta pessoa está disponível","[WHISPER_ERROR: HTTPConnectionPool(host='localhost', port=8090): Read timed out. (read timeout=15.0)]"
640,"193640-PRED-11983153370-1789760186.137484.wav",MACHINE,13.14,320,470,3370,True,480,865,15017,"ao","[WHISPER_ERROR: HTTPConnectionPool(host='localhost', port=8090): Read timed out. (read timeout=15.0)]"
641,"193642-PRED-11973910267-1789760186.137498.wav",MACHINE,11.18,1620,170,2590,False,0,2567,15016,"a lua","[WHISPER_ERROR: HTTPConnectionPool(host='localhost', port=8090): Read timed out. (read timeout=15.0)]"
642,"193643-PRED-11979872094-1789760184.137474.wav",MACHINE,8.42,7340,970,90,False,0,1586,15017,"","[WHISPER_ERROR: HTTPConnectionPool(host='localhost', port=8090): Read timed out. (read timeout=15.0)]"
643,"193643-PRED-11990138927-1789760190.137502.wav",MACHINE,18.0,1030,460,970,False,0,6098,15016,"olá sou um assistente de agravando esta chamada para a pessoa que você está tentando contatar diga quem você informe o motivo da sua chamada","[WHISPER_ERROR: HTTPConnectionPool(host='localhost', port=8090): Read timed out. (read timeout=15.0)]"
644,"193646-PRED-11953949549-1789760190.137501.wav",MACHINE,11.46,530,440,470,False,0,5005,15019,"se você disser que seu nome e o motivo","[WHISPER_ERROR: HTTPConnectionPool(host='localhost', port=8090): Read timed out. (read timeout=15.0)]"
645,"193655-PRED-11947041430-1789760207.137562.wav",MACHINE,7.64,150,160,280,False,0,4635,15020,"foi encaminhada ao correio de voz pois a pessoa que você está tentando contatar não estar disponível grave é só posso sinal","[WHISPER_ERROR: HTTPConnectionPool(host='localhost', port=8090): Read timed out. (read timeout=15.0)]"
646,"193700-PRED-11980516484-1789760206.137558.wav",MACHINE,7.06,3760,1640,1640,False,0,2668,15016,"","[WHISPER_ERROR: HTTPConnectionPool(host='localhost', port=8090): Read timed out. (read timeout=15.0)]"
647,"193701-PRED-11964133265-1789760197.137532.wav",MACHINE,3.54,590,130,2800,False,0,1688,15028,"","[WHISPER_ERROR: HTTPConnectionPool(host='localhost', port=8090): Read timed out. (read timeout=15.0)]"
648,"193709-PRED-19974194506-1789760210.137577.wav",MACHINE,2.82,0,60,2740,False,0,913,15016,"","[WHISPER_ERROR: HTTPConnectionPool(host='localhost', port=8090): Read timed out. (read timeout=15.0)]"
649,"193709-PRED-19995382754-1789760210.137576.wav",MACHINE,3.88,3880,0,0,False,0,1299,15029,"","[WHISPER_ERROR: HTTPConnectionPool(host='localhost', port=8090): Read timed out. (read timeout=15.0)]"
650,"193712-PRED-11996937693-1789760214.137592.wav",MACHINE,12.84,12840,0,0,False,0,695,15017,"","[WHISPER_ERROR: HTTPConnectionPool(host='localhost', port=8090): Read timed out. (read timeout=15.0)]"
651,"193714-PRED-11930913191-1789760216.137601.wav",MACHINE,6.56,6560,0,0,False,0,646,15016,"","[WHISPER_ERROR: HTTPConnectionPool(host='localhost', port=8090): Read timed out. (read timeout=15.0)]"
652,"193717-PRED-11975890333-1789760214.137593.wav",MACHINE,5.36,5360,0,0,False,0,1010,15016,"","[WHISPER_ERROR: HTTPConnectionPool(host='localhost', port=8090): Read timed out. (read timeout=15.0)]"
653,"193717-PRED-11989554929-1789760218.137608.wav",MACHINE,4.44,10,80,4330,False,0,784,15017,"","[WHISPER_ERROR: HTTPConnectionPool(host='localhost', port=8090): Read timed out. (read timeout=15.0)]"
654,"193717-PRED-18996317546-1789760216.137605.wav",MACHINE,4.06,4059,0,0,False,0,929,15017,"","[WHISPER_ERROR: HTTPConnectionPool(host='localhost', port=8090): Read timed out. (read timeout=15.0)]"
655,"193718-PRED-11975788146-1789760226.137633.wav",MACHINE,0.28,280,0,0,False,0,345,15016,"","[WHISPER_ERROR: HTTPConnectionPool(host='localhost', port=8090): Read timed out. (read timeout=15.0)]"
656,"193719-PRED-11990163092-1789760226.137631.wav",MACHINE,9.82,10,20,6170,False,0,519,15016,"","[WHISPER_ERROR: HTTPConnectionPool(host='localhost', port=8090): Read timed out. (read timeout=15.0)]"
657,"193723-PRED-11940279836-1789760236.137670.wav",MACHINE,0.2,200,0,0,False,0,270,15016,"","[WHISPER_ERROR: HTTPConnectionPool(host='localhost', port=8090): Read timed out. (read timeout=15.0)]"
658,"193724-PRED-19983470864-1789760226.137640.wav",MACHINE,2.14,650,370,210,False,0,640,15015,"","[WHISPER_ERROR: HTTPConnectionPool(host='localhost', port=8090): Read timed out. (read timeout=15.0)]"
659,"193739-PRED-11952226477-1789760246.137701.wav",MACHINE,9.52,9520,0,0,False,0,832,15017,"","[WHISPER_ERROR: HTTPConnectionPool(host='localhost', port=8090): Read timed out. (read timeout=15.0)]"
660,"193740-PRED-11961376920-1789760240.137682.wav",MACHINE,8.52,310,720,820,False,0,1205,15016,"","[WHISPER_ERROR: HTTPConnectionPool(host='localhost', port=8090): Read timed out. (read timeout=15.0)]"
661,"193740-PRED-18996912970-1789760251.137711.wav",MACHINE,17.2,8790,10,3380,False,0,1410,15016,"","[WHISPER_ERROR: HTTPConnectionPool(host='localhost', port=8090): Read timed out. (read timeout=15.0)]"
662,"193805-PRED-16992398638-1789760269.137747.wav",MACHINE,7.8,7800,0,0,False,0,622,15016,"","[WHISPER_ERROR: HTTPConnectionPool(host='localhost', port=8090): Read timed out. (read timeout=15.0)]"
663,"193810-PRED-18996534756-1789760279.137771.wav",MACHINE,14.38,14380,0,0,False,0,888,15016,"","[WHISPER_ERROR: HTTPConnectionPool(host='localhost', port=8090): Read timed out. (read timeout=15.0)]"
664,"193816-PRED-11961567669-1789760288.137818.wav",MACHINE,2.64,210,250,1960,False,0,1230,15016,"a lua","[WHISPER_ERROR: HTTPConnectionPool(host='localhost', port=8090): Read timed out. (read timeout=15.0)]"
665,"193818-PRED-15991150506-1789760284.137805.wav",MACHINE,7.26,6470,760,10,False,0,489,15017,"","[WHISPER_ERROR: HTTPConnectionPool(host='localhost', port=8090): Read timed out. (read timeout=15.0)]"
666,"193819-PRED-11911802504-1789760274.137764.wav",MACHINE,6.46,1230,0,5210,False,0,1068,15016,"","[WHISPER_ERROR: HTTPConnectionPool(host='localhost', port=8090): Read timed out. (read timeout=15.0)]"
667,"193820-PRED-12992429431-1789760279.137769.wav",MACHINE,6.64,6640,0,0,False,0,670,15015,"","[WHISPER_ERROR: HTTPConnectionPool(host='localhost', port=8090): Read timed out. (read timeout=15.0)]"
668,"193822-PRED-12997776048-1789760291.137823.wav",MACHINE,3.1,3100,0,0,False,0,819,15016,"","[WHISPER_ERROR: HTTPConnectionPool(host='localhost', port=8090): Read timed out. (read timeout=15.0)]"
669,"193835-PRED-11945848994-1789760310.137863.wav",MACHINE,6.48,3630,50,530,False,0,2241,15018,"e","[WHISPER_ERROR: HTTPConnectionPool(host='localhost', port=8090): Read timed out. (read timeout=15.0)]"
670,"193835-PRED-13996004088-1789760311.137869.wav",MACHINE,13.04,13040,0,0,False,0,747,15023,"","[WHISPER_ERROR: HTTPConnectionPool(host='localhost', port=8090): Read timed out. (read timeout=15.0)]"
671,"193836-PRED-11950868069-1789760296.137837.wav",MACHINE,6.6,300,350,330,False,0,3395,15017,"do ano","[WHISPER_ERROR: HTTPConnectionPool(host='localhost', port=8090): Read timed out. (read timeout=15.0)]"
672,"193838-PRED-11959536689-1789760311.137871.wav",MACHINE,7.78,7780,0,0,False,0,1649,15016,"","[WHISPER_ERROR: HTTPConnectionPool(host='localhost', port=8090): Read timed out. (read timeout=15.0)]"
673,"193846-PRED-11956594789-1789760317.137893.wav",MACHINE,16.38,16379,0,0,False,0,1997,15016,"","[WHISPER_ERROR: HTTPConnectionPool(host='localhost', port=8090): Read timed out. (read timeout=15.0)]"
674,"193846-PRED-19993231962-1789760311.137874.wav",MACHINE,15.24,13020,950,1250,False,0,1925,15016,"","[WHISPER_ERROR: HTTPConnectionPool(host='localhost', port=8090): Read timed out. (read timeout=15.0)]"
675,"193847-PRED-11965155086-1789760311.137873.wav",MACHINE,12.2,12200,0,0,False,0,1391,15032,"","[WHISPER_ERROR: HTTPConnectionPool(host='localhost', port=8090): Read timed out. (read timeout=15.0)]"
676,"193908-PRED-14982052852-1789760340.137960.wav",MACHINE,8.88,410,1570,260,False,0,5637,15016,"se você disser seu nome e o motivo da ligação poderei ver se esta pessoa está disponível","[WHISPER_ERROR: HTTPConnectionPool(host='localhost', port=8090): Read timed out. (read timeout=15.0)]"
677,"193909-PRED-18981753860-1789760330.137951.wav",MACHINE,22.76,4570,1390,830,True,720,12576,15016,"grande recado agora","[WHISPER_ERROR: HTTPConnectionPool(host='localhost', port=8090): Read timed out. (read timeout=15.0)]"
678,"193909-PRED-18996616797-1789760346.137987.wav",MACHINE,21.82,21820,0,0,False,0,10790,15024,"","[WHISPER_ERROR: HTTPConnectionPool(host='localhost', port=8090): Read timed out. (read timeout=15.0)]"
679,"193921-PRED-11941812463-1789760351.138012.wav",MACHINE,3.06,60,200,1470,False,0,2215,15019,"","[WHISPER_ERROR: HTTPConnectionPool(host='localhost', port=8090): Read timed out. (read timeout=15.0)]"
680,"193921-PRED-11958615110-1789760351.138007.wav",MACHINE,7.88,420,2470,370,False,0,3856,15018,"sua ligação foi encaminhada ao correio de voz pois a pessoa que você está tentando contatar não está disponível grave","[WHISPER_ERROR: HTTPConnectionPool(host='localhost', port=8090): Read timed out. (read timeout=15.0)]"
681,"193923-PRED-11942144623-1789760351.138004.wav",MACHINE,2.86,2860,0,0,False,0,1047,15036,"","[WHISPER_ERROR: HTTPConnectionPool(host='localhost', port=8090): Read timed out. (read timeout=15.0)]"
682,"193923-PRED-13997140513-1789760355.138020.wav",MACHINE,4.88,2290,130,920,False,0,1386,15015,"","[WHISPER_ERROR: HTTPConnectionPool(host='localhost', port=8090): Read timed out. (read timeout=15.0)]"
683,"193925-PRED-11913168383-1789760351.138013.wav",MACHINE,1.0,1000,0,0,False,0,525,15017,"","[WHISPER_ERROR: HTTPConnectionPool(host='localhost', port=8090): Read timed out. (read timeout=15.0)]"
684,"193925-PRED-11965700676-1789760346.137986.wav",MACHINE,6.06,10,280,5050,False,0,843,15016,"","[WHISPER_ERROR: HTTPConnectionPool(host='localhost', port=8090): Read timed out. (read timeout=15.0)]"
685,"193936-PRED-11975446406-1789760355.138022.wav",MACHINE,12.52,12520,0,0,False,0,591,15016,"","[WHISPER_ERROR: HTTPConnectionPool(host='localhost', port=8090): Read timed out. (read timeout=15.0)]"
686,"193940-PRED-11933578215-1789760368.138055.wav",MACHINE,15.9,0,70,7070,False,0,1427,15016,"","[WHISPER_ERROR: HTTPConnectionPool(host='localhost', port=8090): Read timed out. (read timeout=15.0)]"
687,"193945-PRED-11947467930-1789760368.138056.wav",MACHINE,3.46,210,20,740,False,0,954,15022,"","[WHISPER_ERROR: HTTPConnectionPool(host='localhost', port=8090): Read timed out. (read timeout=15.0)]"
688,"193947-PRED-11949645189-1789760372.138065.wav",MACHINE,4.96,4960,0,0,False,0,651,15016,"","[WHISPER_ERROR: HTTPConnectionPool(host='localhost', port=8090): Read timed out. (read timeout=15.0)]"
689,"193957-PRED-12981633304-1789760373.138067.wav",MACHINE,5.74,190,2240,530,False,0,2200,15016,"magda foi encaminhada para o correio de voz pois a pessoa que você está tentando contatar não","[WHISPER_ERROR: HTTPConnectionPool(host='localhost', port=8090): Read timed out. (read timeout=15.0)]"
690,"194004-PRED-19981867926-1789760389.138127.wav",MACHINE,2.12,0,230,1870,False,0,669,15016,"","[WHISPER_ERROR: HTTPConnectionPool(host='localhost', port=8090): Read timed out. (read timeout=15.0)]"
691,"194007-PRED-14981105256-1789760389.138125.wav",MACHINE,8.38,4450,1360,800,True,720,1945,15015,"grande recado agora","[WHISPER_ERROR: HTTPConnectionPool(host='localhost', port=8090): Read timed out. (read timeout=15.0)]"
692,"194007-PRED-19996445892-1789760401.138161.wav",MACHINE,9.96,9960,0,0,False,0,766,15017,"","[WHISPER_ERROR: HTTPConnectionPool(host='localhost', port=8090): Read timed out. (read timeout=15.0)]"
693,"194009-PRED-18981115120-1789760398.138150.wav",MACHINE,10.24,20,270,9930,False,0,1214,15016,"","[WHISPER_ERROR: HTTPConnectionPool(host='localhost', port=8090): Read timed out. (read timeout=15.0)]"
694,"194010-PRED-16996150032-1789760401.138163.wav",MACHINE,12.9,4370,1380,810,True,720,1638,15016,"grande cada agora","[WHISPER_ERROR: HTTPConnectionPool(host='localhost', port=8090): Read timed out. (read timeout=15.0)]"
695,"194011-PRED-16981004061-1789760394.138135.wav",MACHINE,8.58,20,120,8420,False,0,1099,15017,"","[WHISPER_ERROR: HTTPConnectionPool(host='localhost', port=8090): Read timed out. (read timeout=15.0)]"
696,"194013-PRED-11985370171-1789760404.138169.wav",MACHINE,4.76,4110,580,50,False,0,1767,15015,"grande","[WHISPER_ERROR: HTTPConnectionPool(host='localhost', port=8090): Read timed out. (read timeout=15.0)]"
697,"194021-PRED-19991212520-1789760404.138179.wav",MACHINE,3.6,1420,420,230,False,0,1955,15017,"cabo","[WHISPER_ERROR: HTTPConnectionPool(host='localhost', port=8090): Read timed out. (read timeout=15.0)]"
698,"194026-PRED-19995412002-1789760401.138162.wav",MACHINE,4.98,580,1030,2790,False,0,1167,15016,"","[WHISPER_ERROR: HTTPConnectionPool(host='localhost', port=8090): Read timed out. (read timeout=15.0)]"
699,"194037-PRED-11980688043-1789760419.138220.wav",MACHINE,9.9,9900,0,0,False,0,875,15018,"","[WHISPER_ERROR: HTTPConnectionPool(host='localhost', port=8090): Read timed out. (read timeout=15.0)]"
700,"194047-PRED-16992321547-1789760430.138260.wav",MACHINE,7.96,7960,0,0,False,0,811,15016,"","[WHISPER_ERROR: HTTPConnectionPool(host='localhost', port=8090): Read timed out. (read timeout=15.0)]"
701,"194049-PRED-12988481300-1789760426.138249.wav",MACHINE,10.28,500,430,470,False,0,4819,15018,"olá se você disser seu nome e o motivo da ligação poderei ver esta pessoa está disponível","[WHISPER_ERROR: HTTPConnectionPool(host='localhost', port=8090): Read timed out. (read timeout=15.0)]"
702,"194053-PRED-16997661419-1789760428.138258.wav",MACHINE,18.18,4810,80,920,False,0,12209,15016,"","[WHISPER_ERROR: HTTPConnectionPool(host='localhost', port=8090): Read timed out. (read timeout=15.0)]"
703,"194055-PRED-12974010617-1789760441.138296.wav",MACHINE,10.38,200,320,280,False,0,1686,15017,"","[WHISPER_ERROR: HTTPConnectionPool(host='localhost', port=8090): Read timed out. (read timeout=15.0)]"
704,"194055-PRED-12996112011-1789760448.138306.wav",MACHINE,16.36,16360,0,0,False,0,2390,15018,"","[WHISPER_ERROR: HTTPConnectionPool(host='localhost', port=8090): Read timed out. (read timeout=15.0)]"
705,"194055-PRED-16999660299-1789760450.138318.wav",MACHINE,9.18,9180,0,0,False,0,2059,15017,"","[WHISPER_ERROR: HTTPConnectionPool(host='localhost', port=8090): Read timed out. (read timeout=15.0)]"
706,"194101-PRED-11995441188-1789760448.138311.wav",MACHINE,3.28,310,100,2630,False,0,1811,15016,"","[WHISPER_ERROR: HTTPConnectionPool(host='localhost', port=8090): Read timed out. (read timeout=15.0)]"
707,"194103-PRED-11956375909-1789760448.138312.wav",MACHINE,4.66,2590,0,770,False,0,1475,15016,"","[WHISPER_ERROR: HTTPConnectionPool(host='localhost', port=8090): Read timed out. (read timeout=15.0)]"
708,"194108-PRED-12981032400-1789760450.138320.wav",MACHINE,15.98,15980,0,0,False,0,1472,15017,"","[WHISPER_ERROR: HTTPConnectionPool(host='localhost', port=8090): Read timed out. (read timeout=15.0)]"
709,"194112-PRED-15998037352-1789760468.138368.wav",MACHINE,15.72,14740,950,10,False,0,1554,15017,"","[WHISPER_ERROR: HTTPConnectionPool(host='localhost', port=8090): Read timed out. (read timeout=15.0)]"
710,"194112-PRED-41984406313-1789760465.138364.wav",MACHINE,11.94,11940,0,0,False,0,985,15016,"","[WHISPER_ERROR: HTTPConnectionPool(host='localhost', port=8090): Read timed out. (read timeout=15.0)]"
711,"194125-PRED-11947877967-1789760477.138396.wav",MACHINE,7.12,7120,0,0,False,0,706,15016,"","[WHISPER_ERROR: HTTPConnectionPool(host='localhost', port=8090): Read timed out. (read timeout=15.0)]"
712,"194131-PRED-11982225117-1789760476.138391.wav",MACHINE,2.94,2940,0,0,False,0,658,15017,"","[WHISPER_ERROR: HTTPConnectionPool(host='localhost', port=8090): Read timed out. (read timeout=15.0)]"
713,"194132-PRED-11998306653-1789760487.138412.wav",MACHINE,14.1,14100,0,0,False,0,1293,15016,"","[WHISPER_ERROR: HTTPConnectionPool(host='localhost', port=8090): Read timed out. (read timeout=15.0)]"
714,"194134-PRED-11987748194-1789760471.138379.wav",MACHINE,16.56,0,110,3940,False,0,2779,15017,"os","[WHISPER_ERROR: HTTPConnectionPool(host='localhost', port=8090): Read timed out. (read timeout=15.0)]"
715,"194136-PRED-12988308087-1789760488.138422.wav",MACHINE,10.78,6980,230,3550,False,0,737,15017,"","[WHISPER_ERROR: HTTPConnectionPool(host='localhost', port=8090): Read timed out. (read timeout=15.0)]"
716,"194137-PRED-11980642997-1789760488.138417.wav",MACHINE,6.74,6740,0,0,False,0,793,15023,"","[WHISPER_ERROR: HTTPConnectionPool(host='localhost', port=8090): Read timed out. (read timeout=15.0)]"
717,"194137-PRED-18997531648-1789760485.138405.wav",MACHINE,2.0,2000,0,0,False,0,807,15015,"","[WHISPER_ERROR: HTTPConnectionPool(host='localhost', port=8090): Read timed out. (read timeout=15.0)]"
718,"194141-PRED-11949239554-1789760496.138448.wav",MACHINE,6.06,6060,0,0,False,0,631,15016,"","[WHISPER_ERROR: HTTPConnectionPool(host='localhost', port=8090): Read timed out. (read timeout=15.0)]"
719,"194145-PRED-11959990065-1789760487.138410.wav",MACHINE,7.64,6370,1240,10,False,0,910,15016,"","[WHISPER_ERROR: HTTPConnectionPool(host='localhost', port=8090): Read timed out. (read timeout=15.0)]"
720,"194145-PRED-11971421532-1789760491.138435.wav",MACHINE,15.44,7800,140,1670,False,0,1469,15017,"","[WHISPER_ERROR: HTTPConnectionPool(host='localhost', port=8090): Read timed out. (read timeout=15.0)]"
721,"194149-PRED-17997332793-1789760485.138406.wav",MACHINE,14.18,14180,0,0,False,0,1257,15016,"","[WHISPER_ERROR: HTTPConnectionPool(host='localhost', port=8090): Read timed out. (read timeout=15.0)]"
722,"194152-PRED-17996805535-1789760496.138449.wav",MACHINE,2.68,2680,0,0,False,0,708,15016,"","[WHISPER_ERROR: HTTPConnectionPool(host='localhost', port=8090): Read timed out. (read timeout=15.0)]"
723,"194156-PRED-11952495839-1789760505.138473.wav",MACHINE,4.7,820,360,1160,False,0,791,15015,"","[WHISPER_ERROR: HTTPConnectionPool(host='localhost', port=8090): Read timed out. (read timeout=15.0)]"
724,"194204-PRED-11947170521-1789760515.138491.wav",MACHINE,8.2,460,450,960,False,0,4360,15016,"olá sou um assistente de a mundo é chamada para a pessoa que você está tentando contatar","[WHISPER_ERROR: HTTPConnectionPool(host='localhost', port=8090): Read timed out. (read timeout=15.0)]"
725,"194205-PRED-18991767470-1789760510.138487.wav",MACHINE,2.34,1450,710,160,False,0,1604,15016,"","[WHISPER_ERROR: HTTPConnectionPool(host='localhost', port=8090): Read timed out. (read timeout=15.0)]"
726,"194206-PRED-11987687044-1789760505.138475.wav",MACHINE,16.7,8690,260,2280,False,0,1343,15017,"","[WHISPER_ERROR: HTTPConnectionPool(host='localhost', port=8090): Read timed out. (read timeout=15.0)]"
727,"194210-PRED-18997337958-1789760508.138478.wav",MACHINE,13.74,13740,0,0,False,0,996,15016,"","[WHISPER_ERROR: HTTPConnectionPool(host='localhost', port=8090): Read timed out. (read timeout=15.0)]"
728,"194220-PRED-18981301785-1789760532.138562.wav",MACHINE,9.46,9460,0,0,False,0,793,15016,"","[WHISPER_ERROR: HTTPConnectionPool(host='localhost', port=8090): Read timed out. (read timeout=15.0)]"
729,"194224-PRED-11995589841-1789760533.138566.wav",MACHINE,9.6,0,110,6200,False,0,842,15016,"","[WHISPER_ERROR: HTTPConnectionPool(host='localhost', port=8090): Read timed out. (read timeout=15.0)]"
730,"194230-PRED-11988921796-1789760532.138561.wav",MACHINE,13.58,10,180,13370,False,0,1137,15017,"","[WHISPER_ERROR: HTTPConnectionPool(host='localhost', port=8090): Read timed out. (read timeout=15.0)]"
731,"194230-PRED-11989352379-1789760545.138595.wav",MACHINE,8.64,10,390,550,False,0,6713,15016,"se você disser seu nome e o motivo da chamada poderei ver esta pessoa está disponível","[WHISPER_ERROR: HTTPConnectionPool(host='localhost', port=8090): Read timed out. (read timeout=15.0)]"
732,"194230-PRED-13991780021-1789760545.138593.wav",MACHINE,5.5,10,110,5360,False,0,1629,15016,"","[WHISPER_ERROR: HTTPConnectionPool(host='localhost', port=8090): Read timed out. (read timeout=15.0)]"
733,"194231-PRED-11941154559-1789760537.138577.wav",MACHINE,5.78,0,600,230,False,0,2187,15020,"","[WHISPER_ERROR: HTTPConnectionPool(host='localhost', port=8090): Read timed out. (read timeout=15.0)]"
734,"194231-PRED-11955568358-1789760532.138560.wav",MACHINE,9.58,9580,0,0,False,0,1746,15017,"","[WHISPER_ERROR: HTTPConnectionPool(host='localhost', port=8090): Read timed out. (read timeout=15.0)]"
735,"194235-PRED-11947459387-1789760537.138578.wav",MACHINE,18.34,1870,60,270,False,0,14989,15022,"","[WHISPER_ERROR: HTTPConnectionPool(host='localhost', port=8090): Read timed out. (read timeout=15.0)]"
736,"194236-PRED-19983437277-1789760543.138586.wav",MACHINE,14.86,14860,0,0,False,0,2016,15017,"","[WHISPER_ERROR: HTTPConnectionPool(host='localhost', port=8090): Read timed out. (read timeout=15.0)]"
737,"194247-PRED-12974066773-1789760551.138612.wav",MACHINE,10.04,10,150,9860,False,0,758,15016,"","[WHISPER_ERROR: HTTPConnectionPool(host='localhost', port=8090): Read timed out. (read timeout=15.0)]"
738,"194256-PRED-11947151474-1789760562.138627.wav",MACHINE,22.52,22520,0,0,False,0,10746,15020,"","[WHISPER_ERROR: HTTPConnectionPool(host='localhost', port=8090): Read timed out. (read timeout=15.0)]"
739,"194302-PRED-15997648852-1789760577.138672.wav",MACHINE,5.0,5000,0,0,False,0,839,15016,"","[WHISPER_ERROR: HTTPConnectionPool(host='localhost', port=8090): Read timed out. (read timeout=15.0)]"
740,"194309-PRED-11963508558-1789760572.138662.wav",MACHINE,14.02,14020,0,0,False,0,1188,15017,"","[WHISPER_ERROR: HTTPConnectionPool(host='localhost', port=8090): Read timed out. (read timeout=15.0)]"
741,"194315-PRED-16993456871-1789760570.138654.wav",MACHINE,10.84,9660,1150,10,False,0,645,15016,"","[WHISPER_ERROR: HTTPConnectionPool(host='localhost', port=8090): Read timed out. (read timeout=15.0)]"
742,"194317-PRED-11977455785-1789760577.138671.wav",MACHINE,12.62,12620,0,0,False,0,572,15016,"","[WHISPER_ERROR: HTTPConnectionPool(host='localhost', port=8090): Read timed out. (read timeout=15.0)]"
743,"194317-PRED-19991507695-1789760591.138713.wav",MACHINE,8.2,8200,0,0,False,0,615,15017,"","[WHISPER_ERROR: HTTPConnectionPool(host='localhost', port=8090): Read timed out. (read timeout=15.0)]"
744,"194318-PRED-11993365490-1789760590.138701.wav",MACHINE,4.5,30,10,3590,False,0,1271,15016,"","[WHISPER_ERROR: HTTPConnectionPool(host='localhost', port=8090): Read timed out. (read timeout=15.0)]"
745,"194320-PRED-11951988942-1789760585.138688.wav",MACHINE,9.42,620,450,460,False,0,3018,15016,"olá se você disser que seu nome e o motivo da ligação poderei ver se esta pessoa está disponível","[WHISPER_ERROR: HTTPConnectionPool(host='localhost', port=8090): Read timed out. (read timeout=15.0)]"
746,"194322-PRED-11966397961-1789760590.138704.wav",MACHINE,5.7,4490,70,420,False,0,701,15021,"","[WHISPER_ERROR: HTTPConnectionPool(host='localhost', port=8090): Read timed out. (read timeout=15.0)]"
747,"194325-PRED-18981934895-1789760591.138717.wav",MACHINE,13.94,80,200,2950,False,0,1471,15017,"","[WHISPER_ERROR: HTTPConnectionPool(host='localhost', port=8090): Read timed out. (read timeout=15.0)]"
748,"194331-PRED-11975952439-1789760590.138702.wav",MACHINE,2.4,0,0,2200,False,0,855,15016,"","[WHISPER_ERROR: HTTPConnectionPool(host='localhost', port=8090): Read timed out. (read timeout=15.0)]"
749,"194340-PRED-17988371227-1789760611.138762.wav",MACHINE,16.64,16640,0,0,False,0,1128,15017,"","[WHISPER_ERROR: HTTPConnectionPool(host='localhost', port=8090): Read timed out. (read timeout=15.0)]"
750,"194345-PRED-17996561956-1789760611.138759.wav",MACHINE,9.6,9600,0,0,False,0,663,15018,"","[WHISPER_ERROR: HTTPConnectionPool(host='localhost', port=8090): Read timed out. (read timeout=15.0)]"
751,"194348-PRED-11939400770-1789760610.138753.wav",MACHINE,6.2,6200,0,0,False,0,575,15016,"","[WHISPER_ERROR: HTTPConnectionPool(host='localhost', port=8090): Read timed out. (read timeout=15.0)]"
752,"194350-PRED-11987418045-1789760617.138776.wav",MACHINE,8.26,450,270,450,False,0,3634,15017,"olá se você disser seu nome e o motivo da chamada poderei ver se esta pessoa está disponível","[WHISPER_ERROR: HTTPConnectionPool(host='localhost', port=8090): Read timed out. (read timeout=15.0)]"
753,"194350-PRED-17991614127-1789760611.138763.wav",MACHINE,13.06,13060,0,0,False,0,679,15017,"","[WHISPER_ERROR: HTTPConnectionPool(host='localhost', port=8090): Read timed out. (read timeout=15.0)]"
754,"194351-PRED-11987860729-1789760622.138782.wav",MACHINE,19.94,13880,1720,4320,False,0,10746,15019,"","[WHISPER_ERROR: HTTPConnectionPool(host='localhost', port=8090): Read timed out. (read timeout=15.0)]"
755,"194355-PRED-16997482243-1789760627.138804.wav",MACHINE,3.0,3000,0,0,False,0,593,15017,"","[WHISPER_ERROR: HTTPConnectionPool(host='localhost', port=8090): Read timed out. (read timeout=15.0)]"
756,"194403-PRED-11992558931-1789760622.138787.wav",MACHINE,8.16,0,420,290,False,0,1716,15016,"","[WHISPER_ERROR: HTTPConnectionPool(host='localhost', port=8090): Read timed out. (read timeout=15.0)]"
757,"194406-PRED-11947240783-1789760640.138848.wav",MACHINE,13.48,13480,0,0,False,0,693,15018,"","[WHISPER_ERROR: HTTPConnectionPool(host='localhost', port=8090): Read timed out. (read timeout=15.0)]"
758,"194406-PRED-11984713768-1789760640.138850.wav",MACHINE,16.28,13760,1720,780,False,0,1223,15018,"","[WHISPER_ERROR: HTTPConnectionPool(host='localhost', port=8090): Read timed out. (read timeout=15.0)]"
759,"194407-PRED-11984530871-1789760644.138854.wav",MACHINE,3.86,310,2410,530,False,0,2496,15016,"ligação foi encaminhada ao correio de voz pois a pessoa","[WHISPER_ERROR: HTTPConnectionPool(host='localhost', port=8090): Read timed out. (read timeout=15.0)]"
760,"194409-PRED-11960137956-1789760629.138820.wav",MACHINE,15.64,8230,720,240,False,0,1155,15017,"","[WHISPER_ERROR: HTTPConnectionPool(host='localhost', port=8090): Read timed out. (read timeout=15.0)]"
761,"194413-PRED-11953475005-1789760639.138847.wav",MACHINE,2.46,610,10,690,False,0,1259,15017,"","[WHISPER_ERROR: HTTPConnectionPool(host='localhost', port=8090): Read timed out. (read timeout=15.0)]"
762,"194423-PRED-11933377226-1789760644.138859.wav",MACHINE,15.86,3770,10,12060,False,0,1994,15016,"","[WHISPER_ERROR: HTTPConnectionPool(host='localhost', port=8090): Read timed out. (read timeout=15.0)]"
763,"194426-PRED-11964021269-1789760644.138856.wav",MACHINE,4.94,4940,0,0,False,0,1912,15016,"","[WHISPER_ERROR: HTTPConnectionPool(host='localhost', port=8090): Read timed out. (read timeout=15.0)]"
764,"194431-PRED-19991681199-1789760646.138861.wav",MACHINE,7.06,30,2210,390,False,0,5518,15017,"reação foi encaminhada ao correio de voz pois a pessoa que você está tentando contatar não está disponível grave","[WHISPER_ERROR: HTTPConnectionPool(host='localhost', port=8090): Read timed out. (read timeout=15.0)]"
765,"194433-PRED-11970983348-1789760654.138883.wav",MACHINE,7.02,7020,0,0,False,0,1462,15015,"","[WHISPER_ERROR: HTTPConnectionPool(host='localhost', port=8090): Read timed out. (read timeout=15.0)]"
766,"194434-PRED-15996317111-1789760654.138880.wav",MACHINE,3.06,10,330,530,False,0,2940,15017,"pois a pessoa que você está tentando contato","[WHISPER_ERROR: HTTPConnectionPool(host='localhost', port=8090): Read timed out. (read timeout=15.0)]"
767,"194435-PRED-19981669842-1789760667.138910.wav",MACHINE,22.78,22780,0,0,False,0,10494,15016,"","[WHISPER_ERROR: HTTPConnectionPool(host='localhost', port=8090): Read timed out. (read timeout=15.0)]"
768,"194436-PRED-17997186012-1789760661.138893.wav",MACHINE,17.86,17860,0,0,False,0,10720,15019,"","[WHISPER_ERROR: HTTPConnectionPool(host='localhost', port=8090): Read timed out. (read timeout=15.0)]"
769,"194441-PRED-11963891128-1789760666.138908.wav",MACHINE,14.48,14480,0,0,False,0,1269,15042,"","[WHISPER_ERROR: HTTPConnectionPool(host='localhost', port=8090): Read timed out. (read timeout=15.0)]"
770,"194442-PRED-16992148849-1789760668.138912.wav",MACHINE,4.3,4300,0,0,False,0,1126,15016,"","[WHISPER_ERROR: HTTPConnectionPool(host='localhost', port=8090): Read timed out. (read timeout=15.0)]"
771,"194447-PRED-11991380675-1789760664.138902.wav",MACHINE,16.14,10,70,16040,False,0,1325,15018,"","[WHISPER_ERROR: HTTPConnectionPool(host='localhost', port=8090): Read timed out. (read timeout=15.0)]"
772,"194451-PRED-19983566436-1789760680.138939.wav",MACHINE,5.06,5060,0,0,False,0,910,15015,"","[WHISPER_ERROR: HTTPConnectionPool(host='localhost', port=8090): Read timed out. (read timeout=15.0)]"
773,"194455-PRED-11980936343-1789760673.138930.wav",MACHINE,15.82,15820,0,0,False,0,1374,15015,"","[WHISPER_ERROR: HTTPConnectionPool(host='localhost', port=8090): Read timed out. (read timeout=15.0)]"
774,"194458-PRED-13997493864-1789760684.138953.wav",MACHINE,16.82,14480,1720,600,False,0,1332,15016,"","[WHISPER_ERROR: HTTPConnectionPool(host='localhost', port=8090): Read timed out. (read timeout=15.0)]"
775,"194512-PRED-14988031615-1789760690.138959.wav",MACHINE,18.96,10,140,15190,False,0,10572,15016,"","[WHISPER_ERROR: HTTPConnectionPool(host='localhost', port=8090): Read timed out. (read timeout=15.0)]"
776,"194514-PRED-11945259002-1789760689.138956.wav",MACHINE,12.0,12000,0,0,False,0,611,15016,"","[WHISPER_ERROR: HTTPConnectionPool(host='localhost', port=8090): Read timed out. (read timeout=15.0)]"
777,"194514-PRED-11975267902-1789760700.138982.wav",MACHINE,15.08,1790,240,400,False,0,3833,15017,"alô cliente","[WHISPER_ERROR: HTTPConnectionPool(host='localhost', port=8090): Read timed out. (read timeout=15.0)]"
778,"194514-PRED-19994932960-1789760704.138997.wav",MACHINE,9.62,9620,0,0,False,0,771,15016,"","[WHISPER_ERROR: HTTPConnectionPool(host='localhost', port=8090): Read timed out. (read timeout=15.0)]"
779,"194520-PRED-18998163724-1789760707.139013.wav",MACHINE,8.36,2090,10,5480,False,0,728,15017,"","[WHISPER_ERROR: HTTPConnectionPool(host='localhost', port=8090): Read timed out. (read timeout=15.0)]"
780,"194522-PRED-11972043123-1789760707.139016.wav",MACHINE,6.98,130,280,300,False,0,1555,15016,"","[WHISPER_ERROR: HTTPConnectionPool(host='localhost', port=8090): Read timed out. (read timeout=15.0)]"
781,"194525-PRED-18997209816-1789760707.139014.wav",MACHINE,8.5,300,50,1710,False,0,460,15016,"","[WHISPER_ERROR: HTTPConnectionPool(host='localhost', port=8090): Read timed out. (read timeout=15.0)]"
782,"194528-PRED-11930946288-1789760710.139024.wav",MACHINE,14.44,0,610,250,True,460,11808,15018,"alô","[WHISPER_ERROR: HTTPConnectionPool(host='localhost', port=8090): Read timed out. (read timeout=15.0)]"
783,"194528-PRED-13996537816-1789760719.139053.wav",MACHINE,8.2,8200,0,0,False,0,1062,15016,"","[WHISPER_ERROR: HTTPConnectionPool(host='localhost', port=8090): Read timed out. (read timeout=15.0)]"
784,"194529-PRED-11991833108-1789760719.139051.wav",MACHINE,18.38,18380,0,0,False,0,10905,15017,"","[WHISPER_ERROR: HTTPConnectionPool(host='localhost', port=8090): Read timed out. (read timeout=15.0)]"
785,"194536-PRED-11998049752-1789760719.139054.wav",MACHINE,7.9,2200,1110,460,False,0,5291,15018,"ainda verão","[WHISPER_ERROR: HTTPConnectionPool(host='localhost', port=8090): Read timed out. (read timeout=15.0)]"
786,"194539-PRED-11982810432-1789760734.139100.wav",MACHINE,9.44,9440,0,0,False,0,988,15017,"","[WHISPER_ERROR: HTTPConnectionPool(host='localhost', port=8090): Read timed out. (read timeout=15.0)]"
787,"194545-PRED-11983055283-1789760725.139081.wav",MACHINE,7.06,80,220,6740,False,0,1059,15016,"","[WHISPER_ERROR: HTTPConnectionPool(host='localhost', port=8090): Read timed out. (read timeout=15.0)]"
788,"194548-PRED-12997366590-1789760738.139120.wav",MACHINE,4.62,140,350,560,False,0,2944,15016,"lá qual for o motivo da ligação poderei","[WHISPER_ERROR: HTTPConnectionPool(host='localhost', port=8090): Read timed out. (read timeout=15.0)]"
789,"194551-PRED-19971210846-1789760738.139122.wav",MACHINE,3.6,0,3490,90,False,0,2113,15017,"ou spam","[WHISPER_ERROR: HTTPConnectionPool(host='localhost', port=8090): Read timed out. (read timeout=15.0)]"
790,"194552-PRED-11991966460-1789760738.139117.wav",MACHINE,19.82,19820,0,0,False,0,10814,15019,"","[WHISPER_ERROR: HTTPConnectionPool(host='localhost', port=8090): Read timed out. (read timeout=15.0)]"
791,"194557-PRED-12992369027-1789760752.139176.wav",MACHINE,14.1,14100,0,0,False,0,1738,15018,"","[WHISPER_ERROR: HTTPConnectionPool(host='localhost', port=8090): Read timed out. (read timeout=15.0)]"
792,"194604-PRED-11941919508-1789760755.139182.wav",MACHINE,12.24,12240,0,0,False,0,1345,15016,"","[WHISPER_ERROR: HTTPConnectionPool(host='localhost', port=8090): Read timed out. (read timeout=15.0)]"
793,"194606-PRED-14991086270-1789760747.139154.wav",MACHINE,10.42,180,50,400,False,0,1501,15016,"","[WHISPER_ERROR: HTTPConnectionPool(host='localhost', port=8090): Read timed out. (read timeout=15.0)]"
794,"194614-PRED-11999207181-1789760760.139197.wav",MACHINE,8.88,520,2550,530,False,0,4568,15017,"chamada foi encaminhada para o correio de voz pois a pessoa que você está tentando contatar não está disponível grave sua mensagem","[WHISPER_ERROR: HTTPConnectionPool(host='localhost', port=8090): Read timed out. (read timeout=15.0)]"
795,"194614-PRED-18997342310-1789760765.139219.wav",MACHINE,4.36,4360,0,0,False,0,1414,15018,"","[WHISPER_ERROR: HTTPConnectionPool(host='localhost', port=8090): Read timed out. (read timeout=15.0)]"
796,"194615-PRED-11982462634-1789760755.139188.wav",MACHINE,3.98,2480,230,1250,False,0,1245,15016,"","[WHISPER_ERROR: HTTPConnectionPool(host='localhost', port=8090): Read timed out. (read timeout=15.0)]"
797,"194628-PRED-17997123648-1789760765.139210.wav",MACHINE,3.7,3700,0,0,False,0,636,15026,"","[WHISPER_ERROR: HTTPConnectionPool(host='localhost', port=8090): Read timed out. (read timeout=15.0)]"
798,"194631-PRED-17988441855-1789760773.139248.wav",MACHINE,6.44,600,970,4850,False,0,1206,15019,"","[WHISPER_ERROR: HTTPConnectionPool(host='localhost', port=8090): Read timed out. (read timeout=15.0)]"
799,"194632-PRED-11947071852-1789760770.139239.wav",MACHINE,11.42,5430,390,4100,False,0,954,15015,"","[WHISPER_ERROR: HTTPConnectionPool(host='localhost', port=8090): Read timed out. (read timeout=15.0)]"
800,"194632-PRED-11977431353-1789760783.139289.wav",MACHINE,10.54,7100,230,3190,False,0,660,15017,"","[WHISPER_ERROR: HTTPConnectionPool(host='localhost', port=8090): Read timed out. (read timeout=15.0)]"
801,"194634-PRED-13982050914-1789760783.139277.wav",MACHINE,14.54,11880,730,240,False,0,1375,15025,"","[WHISPER_ERROR: HTTPConnectionPool(host='localhost', port=8090): Read timed out. (read timeout=15.0)]"
802,"194639-PRED-11947831890-1789760781.139274.wav",MACHINE,2.6,1460,250,250,False,0,594,15016,"","[WHISPER_ERROR: HTTPConnectionPool(host='localhost', port=8090): Read timed out. (read timeout=15.0)]"
803,"194642-PRED-11972141198-1789760795.139319.wav",MACHINE,8.84,6200,230,2390,False,0,743,15016,"","[WHISPER_ERROR: HTTPConnectionPool(host='localhost', port=8090): Read timed out. (read timeout=15.0)]"
804,"194645-PRED-17992209464-1789760793.139315.wav",MACHINE,8.68,80,310,8270,False,0,1423,15018,"","[WHISPER_ERROR: HTTPConnectionPool(host='localhost', port=8090): Read timed out. (read timeout=15.0)]"
805,"194649-PRED-11982788965-1789760787.139301.wav",MACHINE,7.16,1900,0,1450,False,0,965,15016,"","[WHISPER_ERROR: HTTPConnectionPool(host='localhost', port=8090): Read timed out. (read timeout=15.0)]"
806,"194654-PRED-11978296805-1789760798.139331.wav",MACHINE,13.04,10,110,10720,False,0,939,15017,"","[WHISPER_ERROR: HTTPConnectionPool(host='localhost', port=8090): Read timed out. (read timeout=15.0)]"
807,"194654-PRED-11985473207-1789760806.139346.wav",MACHINE,15.46,6680,220,7030,False,0,1367,15017,"","[WHISPER_ERROR: HTTPConnectionPool(host='localhost', port=8090): Read timed out. (read timeout=15.0)]"
808,"194654-PRED-16992268478-1789760795.139323.wav",MACHINE,19.2,8060,720,3370,False,0,11213,15017,"","[WHISPER_ERROR: HTTPConnectionPool(host='localhost', port=8090): Read timed out. (read timeout=15.0)]"
809,"194659-PRED-11947580628-1789760802.139338.wav",MACHINE,11.44,10,220,9860,False,0,953,15017,"","[WHISPER_ERROR: HTTPConnectionPool(host='localhost', port=8090): Read timed out. (read timeout=15.0)]"
810,"194715-PRED-11989691293-1789760828.139407.wav",MACHINE,3.76,3760,0,0,False,0,1245,15031,"","[WHISPER_ERROR: HTTPConnectionPool(host='localhost', port=8090): Read timed out. (read timeout=15.0)]"
811,"194726-PRED-12988845941-1789760838.139439.wav",MACHINE,10.12,6660,230,3210,False,0,943,15017,"","[WHISPER_ERROR: HTTPConnectionPool(host='localhost', port=8090): Read timed out. (read timeout=15.0)]"
812,"194728-PRED-11993577614-1789760828.139405.wav",MACHINE,4.98,4980,0,0,False,0,1060,15036,"","[WHISPER_ERROR: HTTPConnectionPool(host='localhost', port=8090): Read timed out. (read timeout=15.0)]"
813,"194732-PRED-18981115255-1789760831.139411.wav",MACHINE,12.36,12360,0,0,False,0,1179,15019,"","[WHISPER_ERROR: HTTPConnectionPool(host='localhost', port=8090): Read timed out. (read timeout=15.0)]"
814,"194735-PRED-13991332260-1789760848.139460.wav",MACHINE,14.46,14460,0,0,False,0,735,15016,"","[WHISPER_ERROR: HTTPConnectionPool(host='localhost', port=8090): Read timed out. (read timeout=15.0)]"
815,"194741-PRED-11962203822-1789760857.139512.wav",MACHINE,6.5,10,380,550,False,0,4665,15016,"se você zero seu nome e o motivo da ligação poderei esta","[WHISPER_ERROR: HTTPConnectionPool(host='localhost', port=8090): Read timed out. (read timeout=15.0)]"
816,"194743-PRED-14996700650-1789760848.139462.wav",MACHINE,10.1,10100,0,0,False,0,961,15015,"","[WHISPER_ERROR: HTTPConnectionPool(host='localhost', port=8090): Read timed out. (read timeout=15.0)]"
817,"194746-PRED-12981966016-1789760857.139510.wav",MACHINE,15.2,15200,0,0,False,0,1973,15016,"","[WHISPER_ERROR: HTTPConnectionPool(host='localhost', port=8090): Read timed out. (read timeout=15.0)]"
818,"194752-PRED-11911882741-1789760865.139543.wav",MACHINE,14.08,14080,0,0,False,0,1775,15017,"","[WHISPER_ERROR: HTTPConnectionPool(host='localhost', port=8090): Read timed out. (read timeout=15.0)]"
819,"194752-PRED-11933842574-1789760865.139545.wav",MACHINE,10.6,10600,0,0,False,0,1194,15016,"","[WHISPER_ERROR: HTTPConnectionPool(host='localhost', port=8090): Read timed out. (read timeout=15.0)]"
820,"194753-PRED-19998150894-1789760868.139553.wav",MACHINE,9.44,7100,230,2090,False,0,470,15016,"","[WHISPER_ERROR: HTTPConnectionPool(host='localhost', port=8090): Read timed out. (read timeout=15.0)]"
821,"194759-PRED-11971937956-1789760856.139503.wav",MACHINE,9.4,270,2260,290,False,0,3311,15017,"ligação foi encaminhada ao","[WHISPER_ERROR: HTTPConnectionPool(host='localhost', port=8090): Read timed out. (read timeout=15.0)]"
822,"194759-PRED-16992176525-1789760875.139570.wav",MACHINE,3.7,3700,0,0,False,0,1291,15016,"","[WHISPER_ERROR: HTTPConnectionPool(host='localhost', port=8090): Read timed out. (read timeout=15.0)]"
823,"194804-PRED-13981143363-1789760865.139541.wav",MACHINE,10.18,10,2380,500,False,0,6204,15016,"foi encaminhada para o correio de voz que você está tentando contatar não está disponível","[WHISPER_ERROR: HTTPConnectionPool(host='localhost', port=8090): Read timed out. (read timeout=15.0)]"
824,"194807-PRED-11997008951-1789760878.139584.wav",MACHINE,22.88,1060,10,5760,False,0,11461,15017,"","[WHISPER_ERROR: HTTPConnectionPool(host='localhost', port=8090): Read timed out. (read timeout=15.0)]"
825,"194822-PRED-12991909730-1789760892.139627.wav",MACHINE,13.32,13320,0,0,False,0,1295,15016,"","[WHISPER_ERROR: HTTPConnectionPool(host='localhost', port=8090): Read timed out. (read timeout=15.0)]"
826,"194827-PRED-19971434370-1789760889.139619.wav",MACHINE,8.24,8240,0,0,False,0,1226,15031,"","[WHISPER_ERROR: HTTPConnectionPool(host='localhost', port=8090): Read timed out. (read timeout=15.0)]"
827,"194833-PRED-19974203331-1789760895.139629.wav",MACHINE,24.9,10,200,18580,False,0,11151,15017,"","[WHISPER_ERROR: HTTPConnectionPool(host='localhost', port=8090): Read timed out. (read timeout=15.0)]"
828,"194839-PRED-11953564362-1789760914.139642.wav",MACHINE,16.14,14640,1360,120,False,0,1489,15019,"","[WHISPER_ERROR: HTTPConnectionPool(host='localhost', port=8090): Read timed out. (read timeout=15.0)]"
829,"194842-PRED-11975450903-1789760914.139644.wav",MACHINE,10.82,7060,230,3510,False,0,677,15016,"","[WHISPER_ERROR: HTTPConnectionPool(host='localhost', port=8090): Read timed out. (read timeout=15.0)]"
830,"194846-PRED-11930116246-1789760916.139648.wav",MACHINE,3.0,3000,0,0,False,0,600,15015,"","[WHISPER_ERROR: HTTPConnectionPool(host='localhost', port=8090): Read timed out. (read timeout=15.0)]"
831,"194913-PRED-14997309287-1789760940.139671.wav",MACHINE,2.88,2880,0,0,False,0,617,15016,"","[WHISPER_ERROR: HTTPConnectionPool(host='localhost', port=8090): Read timed out. (read timeout=15.0)]"
832,"194916-PRED-11973577375-1789760941.139679.wav",MACHINE,10.06,300,310,4250,False,0,1281,15016,"","[WHISPER_ERROR: HTTPConnectionPool(host='localhost', port=8090): Read timed out. (read timeout=15.0)]"
833,"194916-PRED-19994146468-1789760940.139672.wav",MACHINE,10.82,380,450,450,False,0,3272,15018,"olá se você disser seu nome e o motivo da ligação poderei ver se esta pessoa está disponível","[WHISPER_ERROR: HTTPConnectionPool(host='localhost', port=8090): Read timed out. (read timeout=15.0)]"
834,"194923-PRED-14996151198-1789760945.139693.wav",MACHINE,6.62,0,60,2210,False,0,1856,15016,"alô","[WHISPER_ERROR: HTTPConnectionPool(host='localhost', port=8090): Read timed out. (read timeout=15.0)]"
835,"194929-PRED-18981096863-1789760951.139725.wav",MACHINE,3.12,3120,0,0,False,0,747,15016,"","[WHISPER_ERROR: HTTPConnectionPool(host='localhost', port=8090): Read timed out. (read timeout=15.0)]"
836,"194930-PRED-11996454956-1789760960.139740.wav",MACHINE,5.2,5200,0,0,False,0,1085,15016,"","[WHISPER_ERROR: HTTPConnectionPool(host='localhost', port=8090): Read timed out. (read timeout=15.0)]"
837,"194932-PRED-14998545780-1789760960.139742.wav",MACHINE,4.06,4059,0,0,False,0,805,15019,"","[WHISPER_ERROR: HTTPConnectionPool(host='localhost', port=8090): Read timed out. (read timeout=15.0)]"
838,"194933-PRED-16992116724-1789760948.139708.wav",MACHINE,3.02,0,1050,1950,False,0,1880,15017,"pai para nada","[WHISPER_ERROR: HTTPConnectionPool(host='localhost', port=8090): Read timed out. (read timeout=15.0)]"
839,"194944-PRED-11952142438-1789760966.139749.wav",MACHINE,3.0,100,1230,1650,False,0,853,15015,"","[WHISPER_ERROR: HTTPConnectionPool(host='localhost', port=8090): Read timed out. (read timeout=15.0)]"
840,"194958-PRED-18996333558-1789760991.139757.wav",MACHINE,17.56,14080,1720,1740,False,0,10866,15016,"","[WHISPER_ERROR: HTTPConnectionPool(host='localhost', port=8090): Read timed out. (read timeout=15.0)]"
841,"195008-PRED-12991838783-1789761002.139763.wav",MACHINE,10.08,490,430,470,False,0,1611,15016,"olá boa tarde","[WHISPER_ERROR: HTTPConnectionPool(host='localhost', port=8090): Read timed out. (read timeout=15.0)]"
842,"195009-PRED-12991796163-1789760996.139759.wav",MACHINE,3.42,3420,0,0,False,0,652,15015,"","[WHISPER_ERROR: HTTPConnectionPool(host='localhost', port=8090): Read timed out. (read timeout=15.0)]"
843,"195031-PRED-15991860885-1789761016.139770.wav",MACHINE,11.2,11200,0,0,False,0,613,15016,"","[WHISPER_ERROR: HTTPConnectionPool(host='localhost', port=8090): Read timed out. (read timeout=15.0)]"
844,"195036-PRED-11973693348-1789761019.139774.wav",MACHINE,10.34,10340,0,0,False,0,695,15016,"","[WHISPER_ERROR: HTTPConnectionPool(host='localhost', port=8090): Read timed out. (read timeout=15.0)]"
845,"195039-PRED-11947060740-1789761031.139786.wav",MACHINE,3.04,3040,0,0,False,0,446,15015,"","[WHISPER_ERROR: HTTPConnectionPool(host='localhost', port=8090): Read timed out. (read timeout=15.0)]"
846,"195041-PRED-15974031441-1789761022.139778.wav",MACHINE,15.08,10,20,15030,False,0,806,15017,"","[WHISPER_ERROR: HTTPConnectionPool(host='localhost', port=8090): Read timed out. (read timeout=15.0)]"
847,"195042-PRED-18998002488-1789761019.139772.wav",MACHINE,5.78,5780,0,0,False,0,550,15016,"","[WHISPER_ERROR: HTTPConnectionPool(host='localhost', port=8090): Read timed out. (read timeout=15.0)]"
848,"195053-PRED-11991918321-1789761032.139793.wav",MACHINE,17.68,4080,20,220,False,0,10705,15028,"","[WHISPER_ERROR: HTTPConnectionPool(host='localhost', port=8090): Read timed out. (read timeout=15.0)]"
849,"195100-PRED-11986355721-1789761054.139809.wav",MACHINE,3.12,100,240,2760,False,0,469,15015,"","[WHISPER_ERROR: HTTPConnectionPool(host='localhost', port=8090): Read timed out. (read timeout=15.0)]"
850,"195119-PRED-11977792241-1789761054.139810.wav",MACHINE,17.54,0,130,3150,False,0,11426,15020,"","[WHISPER_ERROR: HTTPConnectionPool(host='localhost', port=8090): Read timed out. (read timeout=15.0)]"
851,"195135-PRED-18997041427-1789761091.139817.wav",MACHINE,10.5,10500,0,0,False,0,1282,15016,"","[WHISPER_ERROR: HTTPConnectionPool(host='localhost', port=8090): Read timed out. (read timeout=15.0)]"
852,"195145-PRED-11991315382-1789761101.139823.wav",MACHINE,7.34,10,1840,380,False,0,4228,15016,"não foi encaminhada ao correio de voz pois a pessoa que você está tentando contatar não está disponível grave a sua mensagem","[WHISPER_ERROR: HTTPConnectionPool(host='localhost', port=8090): Read timed out. (read timeout=15.0)]"
853,"195149-PRED-14981840957-1789761091.139819.wav",MACHINE,3.36,3360,0,0,False,0,1666,15016,"","[WHISPER_ERROR: HTTPConnectionPool(host='localhost', port=8090): Read timed out. (read timeout=15.0)]"
854,"195150-PRED-14998145543-1789761103.139831.wav",MACHINE,17.82,14620,1720,1460,False,0,11450,15017,"","[WHISPER_ERROR: HTTPConnectionPool(host='localhost', port=8090): Read timed out. (read timeout=15.0)]"
855,"195155-PRED-11951350360-1789761113.139887.wav",MACHINE,6.64,190,410,550,False,0,4305,15015,"olá se você disser seu nome e o motivo da ligação poderei ver se esta pessoa está disponível","[WHISPER_ERROR: HTTPConnectionPool(host='localhost', port=8090): Read timed out. (read timeout=15.0)]"
856,"195159-PRED-11972630384-1789761105.139840.wav",MACHINE,3.12,0,1480,1620,False,0,3085,15017,"","[WHISPER_ERROR: HTTPConnectionPool(host='localhost', port=8090): Read timed out. (read timeout=15.0)]"
857,"195159-PRED-16992195286-1789761107.139863.wav",MACHINE,9.4,5090,380,3910,False,0,1048,15016,"","[WHISPER_ERROR: HTTPConnectionPool(host='localhost', port=8090): Read timed out. (read timeout=15.0)]"
858,"195203-PRED-12997722695-1789761106.139854.wav",MACHINE,3.6,3600,0,0,False,0,809,15016,"","[WHISPER_ERROR: HTTPConnectionPool(host='localhost', port=8090): Read timed out. (read timeout=15.0)]"
859,"195210-PRED-18997075777-1789761105.139836.wav",MACHINE,3.24,490,2140,410,False,0,2584,15016,"sua ligação foi encaminhada ao baixo","[WHISPER_ERROR: HTTPConnectionPool(host='localhost', port=8090): Read timed out. (read timeout=15.0)]"
860,"195218-PRED-17981099234-1789761125.139911.wav",MACHINE,17.14,10,120,16990,False,0,1590,15016,"","[WHISPER_ERROR: HTTPConnectionPool(host='localhost', port=8090): Read timed out. (read timeout=15.0)]"
861,"195228-PRED-42998155965-1789761140.139924.wav",MACHINE,12.52,12520,0,0,False,0,813,15040,"","[WHISPER_ERROR: HTTPConnectionPool(host='localhost', port=8090): Read timed out. (read timeout=15.0)]"
862,"195238-PRED-11940805955-1789761140.139928.wav",MACHINE,3.04,3040,0,0,False,0,843,15018,"","[WHISPER_ERROR: HTTPConnectionPool(host='localhost', port=8090): Read timed out. (read timeout=15.0)]"
863,"195257-PRED-19989143736-1789761161.139933.wav",MACHINE,6.74,30,60,6630,False,0,1216,15016,"","[WHISPER_ERROR: HTTPConnectionPool(host='localhost', port=8090): Read timed out. (read timeout=15.0)]"
864,"195259-PRED-11979924457-1789761171.139937.wav",MACHINE,3.1,450,440,490,False,0,3725,15018,"se você de seu nome","[WHISPER_ERROR: HTTPConnectionPool(host='localhost', port=8090): Read timed out. (read timeout=15.0)]"
865,"195305-PRED-19992910950-1789761170.139936.wav",MACHINE,6.0,50,60,290,False,0,1802,15017,"","[WHISPER_ERROR: HTTPConnectionPool(host='localhost', port=8090): Read timed out. (read timeout=15.0)]"
866,"195324-PRED-14981840073-1789761187.139957.wav",MACHINE,6.32,1400,320,1720,False,0,902,15016,"oi","[WHISPER_ERROR: HTTPConnectionPool(host='localhost', port=8090): Read timed out. (read timeout=15.0)]"
867,"195327-PRED-11991449268-1789761187.139958.wav",MACHINE,3.24,3240,0,0,False,0,1137,15016,"","[WHISPER_ERROR: HTTPConnectionPool(host='localhost', port=8090): Read timed out. (read timeout=15.0)]"
868,"195327-PRED-12991939983-1789761192.139961.wav",MACHINE,4.9,1080,0,210,False,0,1707,15015,"","[WHISPER_ERROR: HTTPConnectionPool(host='localhost', port=8090): Read timed out. (read timeout=15.0)]"
869,"195331-PRED-11947482056-1789761195.139962.wav",MACHINE,10.94,10940,0,0,False,0,688,15016,"","[WHISPER_ERROR: HTTPConnectionPool(host='localhost', port=8090): Read timed out. (read timeout=15.0)]"
870,"195340-PRED-11971010206-1789761210.139984.wav",MACHINE,5.22,230,2460,380,False,0,2576,15016,"sua ligação foi encaminhada ao correio de voz pois a pessoa que você está tentando contato","[WHISPER_ERROR: HTTPConnectionPool(host='localhost', port=8090): Read timed out. (read timeout=15.0)]"
871,"195342-PRED-11984192332-1789761211.139986.wav",MACHINE,6.16,6160,0,0,False,0,798,15017,"","[WHISPER_ERROR: HTTPConnectionPool(host='localhost', port=8090): Read timed out. (read timeout=15.0)]"
872,"195348-PRED-11954431258-1789761205.139966.wav",MACHINE,3.02,3020,0,0,False,0,841,15019,"","[WHISPER_ERROR: HTTPConnectionPool(host='localhost', port=8090): Read timed out. (read timeout=15.0)]"
873,"195349-PRED-15991414509-1789761207.139976.wav",MACHINE,4.8,4800,0,0,False,0,913,15016,"","[WHISPER_ERROR: HTTPConnectionPool(host='localhost', port=8090): Read timed out. (read timeout=15.0)]"
874,"195351-PRED-11945431224-1789761218.140007.wav",MACHINE,2.72,40,0,1550,False,0,1357,15017,"","[WHISPER_ERROR: HTTPConnectionPool(host='localhost', port=8090): Read timed out. (read timeout=15.0)]"
875,"195358-PRED-11958298428-1789761218.140009.wav",MACHINE,10.54,650,130,3440,False,0,1492,15018,"","[WHISPER_ERROR: HTTPConnectionPool(host='localhost', port=8090): Read timed out. (read timeout=15.0)]"
876,"195402-PRED-11976408413-1789761224.140019.wav",MACHINE,16.72,20,110,16570,False,0,1484,15028,"","[WHISPER_ERROR: HTTPConnectionPool(host='localhost', port=8090): Read timed out. (read timeout=15.0)]"
877,"195420-PRED-14997782895-1789761236.140050.wav",MACHINE,10.2,10200,0,0,False,0,780,15017,"","[WHISPER_ERROR: HTTPConnectionPool(host='localhost', port=8090): Read timed out. (read timeout=15.0)]"
878,"195424-PRED-11998525888-1789761260.140081.wav",MACHINE,18.0,350,280,470,False,0,3611,15017,"olá se você disser seu nome e o motivo da ligação poderei ver certa pessoa está disponível","[WHISPER_ERROR: HTTPConnectionPool(host='localhost', port=8090): Read timed out. (read timeout=15.0)]"
879,"195429-PRED-11960422764-1789761246.140062.wav",MACHINE,5.8,5800,0,0,False,0,694,15020,"","[WHISPER_ERROR: HTTPConnectionPool(host='localhost', port=8090): Read timed out. (read timeout=15.0)]"
880,"195436-PRED-16996072268-1789761265.140090.wav",MACHINE,5.9,3440,50,2390,False,0,688,15015,"","[WHISPER_ERROR: HTTPConnectionPool(host='localhost', port=8090): Read timed out. (read timeout=15.0)]"
881,"195437-PRED-11966533486-1789761258.140076.wav",MACHINE,5.7,430,240,2770,False,0,1480,15016,"","[WHISPER_ERROR: HTTPConnectionPool(host='localhost', port=8090): Read timed out. (read timeout=15.0)]"
882,"195437-PRED-15996774530-1789761267.140100.wav",MACHINE,3.04,190,520,2310,False,0,1863,15016,"","[WHISPER_ERROR: HTTPConnectionPool(host='localhost', port=8090): Read timed out. (read timeout=15.0)]"
883,"195439-PRED-11974685866-1789761271.140104.wav",MACHINE,6.54,10,50,6380,False,0,1469,15020,"","[WHISPER_ERROR: HTTPConnectionPool(host='localhost', port=8090): Read timed out. (read timeout=15.0)]"
884,"195442-PRED-19992278110-1789761265.140095.wav",MACHINE,16.46,630,80,3290,False,0,4073,15016,"alô","[WHISPER_ERROR: HTTPConnectionPool(host='localhost', port=8090): Read timed out. (read timeout=15.0)]"
885,"195514-PRED-17996280204-1789761291.140133.wav",MACHINE,6.86,10,2160,530,False,0,4249,15021,"ação foi encaminhada ao correio de voz pois a pessoa que você está tentando contatar não está disponível","[WHISPER_ERROR: HTTPConnectionPool(host='localhost', port=8090): Read timed out. (read timeout=15.0)]"
886,"195528-PRED-11940752920-1789761313.140148.wav",MACHINE,13.56,10,30,9990,False,0,1822,15018,"","[WHISPER_ERROR: HTTPConnectionPool(host='localhost', port=8090): Read timed out. (read timeout=15.0)]"
887,"195530-PRED-11977087426-1789761317.140153.wav",MACHINE,3.4,3400,0,0,False,0,912,15016,"","[WHISPER_ERROR: HTTPConnectionPool(host='localhost', port=8090): Read timed out. (read timeout=15.0)]"
888,"195538-PRED-11947247467-1789761325.140175.wav",MACHINE,5.58,5580,0,0,False,0,995,15016,"","[WHISPER_ERROR: HTTPConnectionPool(host='localhost', port=8090): Read timed out. (read timeout=15.0)]"
889,"195546-PRED-11966465388-1789761333.140205.wav",MACHINE,3.08,10,200,2850,False,0,830,15018,"","[WHISPER_ERROR: HTTPConnectionPool(host='localhost', port=8090): Read timed out. (read timeout=15.0)]"
890,"195552-PRED-11997611066-1789761331.140195.wav",MACHINE,6.62,630,330,5640,False,0,1973,15017,"","[WHISPER_ERROR: HTTPConnectionPool(host='localhost', port=8090): Read timed out. (read timeout=15.0)]"
891,"195603-PRED-11947604846-1789761351.140220.wav",MACHINE,3.7,3700,0,0,False,0,878,15016,"","[WHISPER_ERROR: HTTPConnectionPool(host='localhost', port=8090): Read timed out. (read timeout=15.0)]"
892,"195603-PRED-18996293606-1789761350.140217.wav",MACHINE,6.34,220,490,1910,False,0,1362,15017,"","[WHISPER_ERROR: HTTPConnectionPool(host='localhost', port=8090): Read timed out. (read timeout=15.0)]"
893,"195610-PRED-11917791102-1789761350.140218.wav",MACHINE,3.04,3040,0,0,False,0,811,15016,"","[WHISPER_ERROR: HTTPConnectionPool(host='localhost', port=8090): Read timed out. (read timeout=15.0)]"
894,"195610-PRED-16981129065-1789761365.140229.wav",MACHINE,5.82,110,460,460,False,0,4633,15016,"se você de seu nome e o motivo da chamada poderei ver se és","[WHISPER_ERROR: HTTPConnectionPool(host='localhost', port=8090): Read timed out. (read timeout=15.0)]"
895,"195616-PRED-16991156843-1789761367.140236.wav",MACHINE,10.12,10,810,2490,False,0,2419,15016,"","[WHISPER_ERROR: HTTPConnectionPool(host='localhost', port=8090): Read timed out. (read timeout=15.0)]"
896,"195620-PRED-12974010716-1789761366.140233.wav",MACHINE,3.04,10,220,2790,False,0,724,15016,"","[WHISPER_ERROR: HTTPConnectionPool(host='localhost', port=8090): Read timed out. (read timeout=15.0)]"
897,"195622-PRED-11977820812-1789761378.140241.wav",MACHINE,3.72,220,470,460,False,0,2558,15016,"olá que você disser seu nome e o motivo","[WHISPER_ERROR: HTTPConnectionPool(host='localhost', port=8090): Read timed out. (read timeout=15.0)]"
898,"195646-PRED-11950344685-1789761396.140246.wav",MACHINE,12.88,12880,0,0,False,0,647,15016,"","[WHISPER_ERROR: HTTPConnectionPool(host='localhost', port=8090): Read timed out. (read timeout=15.0)]"
899,"195655-PRED-11954221737-1789761408.140254.wav",MACHINE,11.5,70,2400,530,False,0,5048,15018,"ligação foi encaminhada ao correio de voz pois a pessoa que você está tentando contatar não está disponível grave ou mensagem após o final você pode desligar quando","[WHISPER_ERROR: HTTPConnectionPool(host='localhost', port=8090): Read timed out. (read timeout=15.0)]"
900,"195717-PRED-11999727703-1789761431.140266.wav",MACHINE,7.8,10,120,7650,False,0,927,15017,"","[WHISPER_ERROR: HTTPConnectionPool(host='localhost', port=8090): Read timed out. (read timeout=15.0)]"
901,"195721-PRED-11999126977-1789761431.140267.wav",MACHINE,7.0,7000,0,0,False,0,697,15017,"","[WHISPER_ERROR: HTTPConnectionPool(host='localhost', port=8090): Read timed out. (read timeout=15.0)]"
902,"195732-PRED-11979677693-1789761445.140278.wav",MACHINE,9.72,9720,0,0,False,0,898,15021,"","[WHISPER_ERROR: HTTPConnectionPool(host='localhost', port=8090): Read timed out. (read timeout=15.0)]"
903,"195735-PRED-11930918068-1789761445.140282.wav",MACHINE,9.32,9320,0,0,False,0,748,15028,"","[WHISPER_ERROR: HTTPConnectionPool(host='localhost', port=8090): Read timed out. (read timeout=15.0)]"
904,"195737-PRED-11984634052-1789761445.140286.wav",MACHINE,3.08,3080,0,0,False,0,738,15018,"","[WHISPER_ERROR: HTTPConnectionPool(host='localhost', port=8090): Read timed out. (read timeout=15.0)]"
905,"195741-PRED-12982467694-1789761446.140291.wav",MACHINE,3.02,3020,0,0,False,0,629,15019,"","[WHISPER_ERROR: HTTPConnectionPool(host='localhost', port=8090): Read timed out. (read timeout=15.0)]"
906,"195751-PRED-16991993496-1789761452.140306.wav",MACHINE,6.26,6260,0,0,False,0,641,15016,"","[WHISPER_ERROR: HTTPConnectionPool(host='localhost', port=8090): Read timed out. (read timeout=15.0)]"
907,"195800-PRED-11978293375-1789761472.140349.wav",MACHINE,13.36,30,110,13200,False,0,617,15016,"","[WHISPER_ERROR: HTTPConnectionPool(host='localhost', port=8090): Read timed out. (read timeout=15.0)]"
908,"195805-PRED-11986425191-1789761477.140357.wav",MACHINE,8.74,8740,0,0,False,0,737,15016,"","[WHISPER_ERROR: HTTPConnectionPool(host='localhost', port=8090): Read timed out. (read timeout=15.0)]"
909,"195809-PRED-19999795935-1789761473.140353.wav",MACHINE,5.6,5600,0,0,False,0,775,15020,"","[WHISPER_ERROR: HTTPConnectionPool(host='localhost', port=8090): Read timed out. (read timeout=15.0)]"
910,"195832-PRED-11947330682-1789761498.140377.wav",MACHINE,9.18,10,90,9060,False,0,691,15017,"","[WHISPER_ERROR: HTTPConnectionPool(host='localhost', port=8090): Read timed out. (read timeout=15.0)]"
911,"195832-PRED-17997441255-1789761498.140375.wav",MACHINE,3.92,3920,0,0,False,0,1696,15016,"","[WHISPER_ERROR: HTTPConnectionPool(host='localhost', port=8090): Read timed out. (read timeout=15.0)]"
912,"195909-PRED-15991424445-1789761547.140394.wav",MACHINE,5.56,370,440,450,False,0,3738,15016,"olá se você disser seu nome e o motivo da ligação poderei ver","[WHISPER_ERROR: HTTPConnectionPool(host='localhost', port=8090): Read timed out. (read timeout=15.0)]"
913,"195927-PRED-11948617186-1789761556.140413.wav",MACHINE,3.58,3580,0,0,False,0,1496,15016,"","[WHISPER_ERROR: HTTPConnectionPool(host='localhost', port=8090): Read timed out. (read timeout=15.0)]"
914,"195929-PRED-18997638132-1789761559.140416.wav",MACHINE,4.26,4260,0,0,False,0,1416,15016,"","[WHISPER_ERROR: HTTPConnectionPool(host='localhost', port=8090): Read timed out. (read timeout=15.0)]"
915,"195939-PRED-15997108434-1789761566.140422.wav",MACHINE,3.04,370,1980,390,False,0,3813,15016,"foi incorporada ao correio de voz","[WHISPER_ERROR: HTTPConnectionPool(host='localhost', port=8090): Read timed out. (read timeout=15.0)]"
916,"200344-PRED-11981806876-1789761811.140453.wav",MACHINE,16.78,90,50,4060,False,0,3522,15021,"","[WHISPER_ERROR: HTTPConnectionPool(host='localhost', port=8090): Read timed out. (read timeout=15.0)]"
917,"200350-PRED-13997756149-1789761811.140451.wav",MACHINE,3.06,3060,0,0,False,0,977,15016,"","[WHISPER_ERROR: HTTPConnectionPool(host='localhost', port=8090): Read timed out. (read timeout=15.0)]"
918,"200350-PRED-15988017095-1789761811.140452.wav",MACHINE,5.18,5180,0,0,False,0,1837,15017,"","[WHISPER_ERROR: HTTPConnectionPool(host='localhost', port=8090): Read timed out. (read timeout=15.0)]"
919,"200518-PRED-16996155577-1789761911.140463.wav",MACHINE,3.52,3520,0,0,False,0,1057,15019,"","[WHISPER_ERROR: HTTPConnectionPool(host='localhost', port=8090): Read timed out. (read timeout=15.0)]"
920,"200944-PRED-12997541968-1789762171.140475.wav",MACHINE,1.04,1040,0,0,False,0,463,15017,"","[WHISPER_ERROR: HTTPConnectionPool(host='localhost', port=8090): Read timed out. (read timeout=15.0)]"
921,"201409-PRED-11994699130-1789762431.140491.wav",MACHINE,3.68,3680,0,0,False,0,870,15017,"","[WHISPER_ERROR: HTTPConnectionPool(host='localhost', port=8090): Read timed out. (read timeout=15.0)]"
922,"201409-PRED-17997377921-1789762430.140486.wav",MACHINE,9.72,9720,0,0,False,0,765,15021,"","[WHISPER_ERROR: HTTPConnectionPool(host='localhost', port=8090): Read timed out. (read timeout=15.0)]"
923,"201410-PRED-13997176909-1789762431.140492.wav",MACHINE,5.84,5840,0,0,False,0,910,15017,"","[WHISPER_ERROR: HTTPConnectionPool(host='localhost', port=8090): Read timed out. (read timeout=15.0)]"
924,"201423-PRED-13996262287-1789762451.140500.wav",MACHINE,3.06,3060,0,0,False,0,678,15022,"","[WHISPER_ERROR: HTTPConnectionPool(host='localhost', port=8090): Read timed out. (read timeout=15.0)]"
925,"201435-PRED-13997345869-1789762451.140499.wav",MACHINE,13.4,0,720,1410,False,0,3113,15017,"","[WHISPER_ERROR: HTTPConnectionPool(host='localhost', port=8090): Read timed out. (read timeout=15.0)]"
926,"201440-PRED-11982364726-1789762471.140503.wav",MACHINE,3.02,550,750,240,False,0,1693,15017,"","[WHISPER_ERROR: HTTPConnectionPool(host='localhost', port=8090): Read timed out. (read timeout=15.0)]"
927,"201453-PRED-18981499570-1789762471.140502.wav",MACHINE,3.08,0,100,2960,False,0,1345,15016,"","[WHISPER_ERROR: HTTPConnectionPool(host='localhost', port=8090): Read timed out. (read timeout=15.0)]"
928,"201604-PRED-18996624706-1789762558.140511.wav",MACHINE,9.94,9940,0,0,False,0,1195,15016,"","[WHISPER_ERROR: HTTPConnectionPool(host='localhost', port=8090): Read timed out. (read timeout=15.0)]"
929,"202024-PRED-19998022519-1789762816.140516.wav",MACHINE,3.98,30,2620,250,False,0,2593,15017,"não foi encaminhada meio","[WHISPER_ERROR: HTTPConnectionPool(host='localhost', port=8090): Read timed out. (read timeout=15.0)]"
930,"202103-PRED-19991352570-1789762841.140523.wav",MACHINE,3.7,2180,20,1480,False,0,951,15016,"","[WHISPER_ERROR: HTTPConnectionPool(host='localhost', port=8090): Read timed out. (read timeout=15.0)]"
931,"202103-PRED-19998988538-1789762851.140531.wav",MACHINE,9.46,9460,0,0,False,0,756,15017,"","[WHISPER_ERROR: HTTPConnectionPool(host='localhost', port=8090): Read timed out. (read timeout=15.0)]"
932,"202248-PRED-18991728624-1789762967.140538.wav",MACHINE,14.86,14860,0,0,False,0,1311,15016,"","[WHISPER_ERROR: HTTPConnectionPool(host='localhost', port=8090): Read timed out. (read timeout=15.0)]"
933,"202257-PRED-16981508020-1789762970.140543.wav",MACHINE,3.1,3100,0,0,False,0,1044,15016,"","[WHISPER_ERROR: HTTPConnectionPool(host='localhost', port=8090): Read timed out. (read timeout=15.0)]"
934,"202259-PRED-11964004049-1789762967.140536.wav",MACHINE,3.12,3120,0,0,False,0,698,15015,"","[WHISPER_ERROR: HTTPConnectionPool(host='localhost', port=8090): Read timed out. (read timeout=15.0)]"
935,"202301-PRED-19981417170-1789762967.140535.wav",MACHINE,4.76,570,220,3950,False,0,893,15015,"","[WHISPER_ERROR: HTTPConnectionPool(host='localhost', port=8090): Read timed out. (read timeout=15.0)]"
936,"202320-PRED-19974046969-1789762991.140554.wav",MACHINE,3.06,3060,0,0,False,0,879,15017,"","[WHISPER_ERROR: HTTPConnectionPool(host='localhost', port=8090): Read timed out. (read timeout=15.0)]"
937,"202435-PRED-11966015957-1789763060.140562.wav",MACHINE,12.3,40,220,8630,False,0,1300,15017,"","[WHISPER_ERROR: HTTPConnectionPool(host='localhost', port=8090): Read timed out. (read timeout=15.0)]"
938,"202449-PRED-14997175811-1789763071.140564.wav",MACHINE,3.0,3000,0,0,False,0,1139,15016,"","[WHISPER_ERROR: HTTPConnectionPool(host='localhost', port=8090): Read timed out. (read timeout=15.0)]"
939,"202500-PRED-15991081045-1789763095.140571.wav",MACHINE,10.62,10,140,10450,False,0,701,15016,"","[WHISPER_ERROR: HTTPConnectionPool(host='localhost', port=8090): Read timed out. (read timeout=15.0)]"
940,"202600-PRED-11999914980-1789763151.140585.wav",MACHINE,17.38,17380,0,0,False,0,1669,15018,"","[WHISPER_ERROR: HTTPConnectionPool(host='localhost', port=8090): Read timed out. (read timeout=15.0)]"
941,"202615-PRED-11968549476-1789763150.140581.wav",MACHINE,3.04,3040,0,0,False,0,770,15016,"","[WHISPER_ERROR: HTTPConnectionPool(host='localhost', port=8090): Read timed out. (read timeout=15.0)]"
942,"203033-PRED-14996170197-1789763418.140594.wav",MACHINE,16.5,420,2450,390,True,460,5720,15020,"sua ligação foi encaminhada ao correio de voz pois a pessoa que você está tentando contatar não está disponível grave a sua mensagem após o sinal você pode desligar quando terminar a gravação","[WHISPER_ERROR: HTTPConnectionPool(host='localhost', port=8090): Read timed out. (read timeout=15.0)]"
943,"203033-PRED-15991605661-1789763418.140592.wav",MACHINE,3.88,10,20,3830,False,0,1475,15015,"","[WHISPER_ERROR: HTTPConnectionPool(host='localhost', port=8090): Read timed out. (read timeout=15.0)]"
944,"203051-PRED-11947433018-1789763431.140596.wav",MACHINE,3.08,10,180,2870,False,0,989,15016,"","[WHISPER_ERROR: HTTPConnectionPool(host='localhost', port=8090): Read timed out. (read timeout=15.0)]"
945,"203239-PRED-11949275817-1789763534.140608.wav",MACHINE,8.52,8520,0,0,False,0,1243,15016,"","[WHISPER_ERROR: HTTPConnectionPool(host='localhost', port=8090): Read timed out. (read timeout=15.0)]"
946,"203239-PRED-11960626051-1789763551.140612.wav",MACHINE,3.98,250,2410,550,False,0,3944,15017,"sua ligação foi encaminhada ao correio de voz pois a pessoa","[WHISPER_ERROR: HTTPConnectionPool(host='localhost', port=8090): Read timed out. (read timeout=15.0)]"
947,"203253-PRED-74981003095-1789763551.140610.wav",MACHINE,13.6,2930,440,9110,False,0,1857,15016,"","[WHISPER_ERROR: HTTPConnectionPool(host='localhost', port=8090): Read timed out. (read timeout=15.0)]"
948,"203305-PRED-11964574087-1789763572.140617.wav",MACHINE,2.86,2860,0,0,False,0,760,15019,"","[WHISPER_ERROR: HTTPConnectionPool(host='localhost', port=8090): Read timed out. (read timeout=15.0)]"
949,"203340-PRED-11997234413-1789763611.140624.wav",MACHINE,4.98,4980,0,0,False,0,1107,15020,"","[WHISPER_ERROR: HTTPConnectionPool(host='localhost', port=8090): Read timed out. (read timeout=15.0)]"
950,"203809-PRED-11985773826-1789763882.140628.wav",MACHINE,3.62,3620,0,0,False,0,963,15016,"","[WHISPER_ERROR: HTTPConnectionPool(host='localhost', port=8090): Read timed out. (read timeout=15.0)]"
951,"203811-PRED-11987440838-1789763882.140630.wav",MACHINE,3.02,10,100,2890,False,0,420,15017,"","[WHISPER_ERROR: HTTPConnectionPool(host='localhost', port=8090): Read timed out. (read timeout=15.0)]"
952,"203844-PRED-11941877064-1789763911.140641.wav",MACHINE,13.68,10,80,9850,False,0,838,15016,"","[WHISPER_ERROR: HTTPConnectionPool(host='localhost', port=8090): Read timed out. (read timeout=15.0)]"
953,"203952-PRED-11991212354-1789763990.140649.wav",MACHINE,9.02,10,270,580,False,0,3721,15017,"se você disser seu nome e o motivo da ligação poderei ver se esta pessoa está disponível","[WHISPER_ERROR: HTTPConnectionPool(host='localhost', port=8090): Read timed out. (read timeout=15.0)]"
954,"204000-PRED-11978784031-1789763978.140647.wav",MACHINE,3.02,3020,0,0,False,0,708,15015,"","[WHISPER_ERROR: HTTPConnectionPool(host='localhost', port=8090): Read timed out. (read timeout=15.0)]"
955,"204008-PRED-15996140988-1789763991.140655.wav",MACHINE,12.74,12740,0,0,False,0,716,15017,"","[WHISPER_ERROR: HTTPConnectionPool(host='localhost', port=8090): Read timed out. (read timeout=15.0)]"
956,"204010-PRED-11940599637-1789763990.140651.wav",MACHINE,3.06,10,70,2960,False,0,598,15016,"","[WHISPER_ERROR: HTTPConnectionPool(host='localhost', port=8090): Read timed out. (read timeout=15.0)]"
957,"204019-PRED-15981144350-1789764006.140660.wav",MACHINE,3.04,920,120,1980,False,0,524,15016,"","[WHISPER_ERROR: HTTPConnectionPool(host='localhost', port=8090): Read timed out. (read timeout=15.0)]"
958,"204104-PRED-15981239818-1789764046.140668.wav",MACHINE,13.12,6340,370,6390,False,0,812,15017,"","[WHISPER_ERROR: HTTPConnectionPool(host='localhost', port=8090): Read timed out. (read timeout=15.0)]"
959,"204111-PRED-14997823688-1789764051.140672.wav",MACHINE,3.08,50,150,2860,False,0,1115,15016,"","[WHISPER_ERROR: HTTPConnectionPool(host='localhost', port=8090): Read timed out. (read timeout=15.0)]"
960,"204217-PRED-15996208024-1789764131.140677.wav",MACHINE,10.28,10280,0,0,False,0,969,15016,"","[WHISPER_ERROR: HTTPConnectionPool(host='localhost', port=8090): Read timed out. (read timeout=15.0)]"
961,"204251-PRED-11947574383-1789764161.140685.wav",MACHINE,10.5,10,110,6810,False,0,956,15016,"","[WHISPER_ERROR: HTTPConnectionPool(host='localhost', port=8090): Read timed out. (read timeout=15.0)]"
962,"204257-PRED-12997006461-1789764171.140693.wav",MACHINE,2.8,90,320,590,False,0,2279,15016,"encaminha","[WHISPER_ERROR: HTTPConnectionPool(host='localhost', port=8090): Read timed out. (read timeout=15.0)]"
963,"204355-PRED-12982615950-1789764211.140700.wav",MACHINE,7.06,7060,0,0,False,0,912,15017,"","[WHISPER_ERROR: HTTPConnectionPool(host='localhost', port=8090): Read timed out. (read timeout=15.0)]"
964,"204357-PRED-13974204399-1789764231.140710.wav",MACHINE,3.0,3000,0,0,False,0,842,15016,"","[WHISPER_ERROR: HTTPConnectionPool(host='localhost', port=8090): Read timed out. (read timeout=15.0)]"
965,"204412-PRED-12992305214-1789764230.140705.wav",MACHINE,7.76,490,20,2230,False,0,2677,15016,"","[WHISPER_ERROR: HTTPConnectionPool(host='localhost', port=8090): Read timed out. (read timeout=15.0)]"
966,"204449-PRED-13991104984-1789764271.140723.wav",MACHINE,2.98,2980,0,0,False,0,763,15017,"","[WHISPER_ERROR: HTTPConnectionPool(host='localhost', port=8090): Read timed out. (read timeout=15.0)]"
967,"204716-PRED-12992604876-1789764411.140748.wav",MACHINE,4.0,4000,0,0,False,0,973,15017,"","[WHISPER_ERROR: HTTPConnectionPool(host='localhost', port=8090): Read timed out. (read timeout=15.0)]"
968,"204745-PRED-11991272888-1789764448.140756.wav",MACHINE,4.12,4120,0,0,False,0,870,15016,"","[WHISPER_ERROR: HTTPConnectionPool(host='localhost', port=8090): Read timed out. (read timeout=15.0)]"
969,"205049-PRED-19991277375-1789764631.140804.wav",MACHINE,5.7,5700,0,0,False,0,551,15016,"","[WHISPER_ERROR: HTTPConnectionPool(host='localhost', port=8090): Read timed out. (read timeout=15.0)]"
970,"205113-PRED-16997313475-1789764651.140812.wav",MACHINE,3.54,3540,0,0,False,0,596,15016,"","[WHISPER_ERROR: HTTPConnectionPool(host='localhost', port=8090): Read timed out. (read timeout=15.0)]"
971,"205316-PRED-11995364391-1789764780.140820.wav",MACHINE,14.06,10,210,10470,False,0,1601,15016,"","[WHISPER_ERROR: HTTPConnectionPool(host='localhost', port=8090): Read timed out. (read timeout=15.0)]"
972,"205414-PRED-11993230430-1789764837.140828.wav",MACHINE,2.14,2140,0,0,False,0,829,15015,"","[WHISPER_ERROR: HTTPConnectionPool(host='localhost', port=8090): Read timed out. (read timeout=15.0)]"
973,"205427-PRED-13996204094-1789764851.140832.wav",MACHINE,3.0,3000,0,0,False,0,1048,15016,"","[WHISPER_ERROR: HTTPConnectionPool(host='localhost', port=8090): Read timed out. (read timeout=15.0)]"
974,"205444-PRED-14991356298-1789764874.140838.wav",MACHINE,10.66,6520,240,420,False,0,1092,15016,"","[WHISPER_ERROR: HTTPConnectionPool(host='localhost', port=8090): Read timed out. (read timeout=15.0)]"
975,"205554-PRED-18997178884-1789764950.140855.wav",MACHINE,4.2,4200,0,0,False,0,1165,15016,"","[WHISPER_ERROR: HTTPConnectionPool(host='localhost', port=8090): Read timed out. (read timeout=15.0)]"
976,"205607-PRED-16992148130-1789764951.140857.wav",MACHINE,3.04,3040,0,0,False,0,1193,15019,"","[WHISPER_ERROR: HTTPConnectionPool(host='localhost', port=8090): Read timed out. (read timeout=15.0)]"
977,"205655-PRED-11997265342-1789765010.140868.wav",MACHINE,8.54,30,2380,350,False,0,4515,15016,"ligação foi encaminhada ao correio de voz pois a pessoa que você está tentando contatar não está disponível grave a sua mensagem após o","[WHISPER_ERROR: HTTPConnectionPool(host='localhost', port=8090): Read timed out. (read timeout=15.0)]"
978,"205657-PRED-18997055968-1789765011.140872.wav",MACHINE,3.04,3040,0,0,False,0,853,15016,"","[WHISPER_ERROR: HTTPConnectionPool(host='localhost', port=8090): Read timed out. (read timeout=15.0)]"
979,"205729-PRED-11968539213-1789765028.140877.wav",MACHINE,18.66,550,560,220,True,560,6121,15024,"pois a pessoa que você está tentando contatar não está disponível","[WHISPER_ERROR: HTTPConnectionPool(host='localhost', port=8090): Read timed out. (read timeout=15.0)]"
980,"205801-PRED-11958415468-1789765072.140887.wav",MACHINE,16.72,15120,720,240,False,0,2791,15016,"","[WHISPER_ERROR: HTTPConnectionPool(host='localhost', port=8090): Read timed out. (read timeout=15.0)]"
981,"205837-PRED-11998893494-1789765111.140897.wav",MACHINE,11.3,11300,0,0,False,0,1490,15033,"","[WHISPER_ERROR: HTTPConnectionPool(host='localhost', port=8090): Read timed out. (read timeout=15.0)]"
982,"205841-PRED-11939340300-1789765103.140893.wav",MACHINE,3.0,1550,340,1090,False,0,1355,15016,"","[WHISPER_ERROR: HTTPConnectionPool(host='localhost', port=8090): Read timed out. (read timeout=15.0)]"
983,"205848-PRED-11970196597-1789765111.140899.wav",MACHINE,3.02,3020,0,0,False,0,1164,15017,"","[WHISPER_ERROR: HTTPConnectionPool(host='localhost', port=8090): Read timed out. (read timeout=15.0)]"
984,"205910-PRED-11974277598-1789765132.140905.wav",MACHINE,9.0,9000,0,0,False,0,821,15019,"","[WHISPER_ERROR: HTTPConnectionPool(host='localhost', port=8090): Read timed out. (read timeout=15.0)]"
985,"205912-PRED-11960196597-1789765132.140904.wav",MACHINE,2.6,2600,0,0,False,0,1052,15015,"","[WHISPER_ERROR: HTTPConnectionPool(host='localhost', port=8090): Read timed out. (read timeout=15.0)]"
986,"205919-PRED-65999678581-1789765151.140908.wav",MACHINE,3.08,30,110,2920,False,0,656,15018,"","[WHISPER_ERROR: HTTPConnectionPool(host='localhost', port=8090): Read timed out. (read timeout=15.0)]"
987,"210003-PRED-11970280508-1789765191.140917.wav",MACHINE,13.6,4110,1380,820,True,720,2387,15017,"grande cada agora","[WHISPER_ERROR: HTTPConnectionPool(host='localhost', port=8090): Read timed out. (read timeout=15.0)]"
988,"210004-PRED-11952316974-1789765190.140915.wav",MACHINE,3.04,350,290,1410,False,0,1620,15016,"alô","[WHISPER_ERROR: HTTPConnectionPool(host='localhost', port=8090): Read timed out. (read timeout=15.0)]"
989,"210047-PRED-16992427173-1789765224.140922.wav",MACHINE,12.38,330,2410,530,False,0,3947,15018,"ligação foi encaminhada ao correio de voz pois a pessoa que você está tentando contatar não está disponível grave ou mensagem após o sinal você pode desligar quando terminar a gravar","[WHISPER_ERROR: HTTPConnectionPool(host='localhost', port=8090): Read timed out. (read timeout=15.0)]"
990,"210121-PRED-11942868461-1789765271.140932.wav",MACHINE,12.1,12100,0,0,False,0,727,15072,"","[WHISPER_ERROR: HTTPConnectionPool(host='localhost', port=8090): Read timed out. (read timeout=15.0)]"
991,"210125-PRED-11971592301-1789765264.140930.wav",MACHINE,2.98,2980,0,0,False,0,753,15016,"","[WHISPER_ERROR: HTTPConnectionPool(host='localhost', port=8090): Read timed out. (read timeout=15.0)]"
992,"210134-PRED-11984833545-1789765271.140934.wav",MACHINE,3.06,3060,0,0,False,0,684,15017,"","[WHISPER_ERROR: HTTPConnectionPool(host='localhost', port=8090): Read timed out. (read timeout=15.0)]"
993,"210157-PRED-11965773984-1789765310.140944.wav",MACHINE,3.0,50,220,2710,False,0,624,15015,"","[WHISPER_ERROR: HTTPConnectionPool(host='localhost', port=8090): Read timed out. (read timeout=15.0)]"
994,"210201-PRED-18997181609-1789765302.140939.wav",MACHINE,3.08,140,200,2720,False,0,404,15016,"","[WHISPER_ERROR: HTTPConnectionPool(host='localhost', port=8090): Read timed out. (read timeout=15.0)]"
995,"210356-PRED-11983151046-1789765432.140950.wav",MACHINE,20.66,100,430,470,False,0,13708,15016,"olá meu nome e o motivo da chamada poderei ver esta pessoa está disponível","[WHISPER_ERROR: HTTPConnectionPool(host='localhost', port=8090): Read timed out. (read timeout=15.0)]"
996,"210409-PRED-11981393732-1789765432.140951.wav",MACHINE,0.24,240,0,0,False,0,220,15016,"","[WHISPER_ERROR: HTTPConnectionPool(host='localhost', port=8090): Read timed out. (read timeout=15.0)]"
997,"210429-PRED-11984233409-1789765460.140957.wav",MACHINE,20.2,13080,740,250,False,0,11023,15022,"","[WHISPER_ERROR: HTTPConnectionPool(host='localhost', port=8090): Read timed out. (read timeout=15.0)]"
998,"210539-PRED-17991926104-1789765536.140969.wav",MACHINE,9.38,260,250,450,False,0,3399,15016,"olá se você disser seu nome e o motivo da ligação poderei ver se a pessoa está disponível","[WHISPER_ERROR: HTTPConnectionPool(host='localhost', port=8090): Read timed out. (read timeout=15.0)]"
999,"210542-PRED-11942835944-1789765536.140971.wav",MACHINE,3.06,3060,0,0,False,0,556,15017,"","[WHISPER_ERROR: HTTPConnectionPool(host='localhost', port=8090): Read timed out. (read timeout=15.0)]"
1000,"210728-PRED-14991417784-1789765637.140984.wav",MACHINE,2.88,2290,20,470,False,0,840,15017,"","[WHISPER_ERROR: HTTPConnectionPool(host='localhost', port=8090): Read timed out. (read timeout=15.0)]"
1001,"210920-PRED-11974390948-1789765740.141006.wav",MACHINE,1.06,1060,0,0,False,0,650,15016,"","[WHISPER_ERROR: HTTPConnectionPool(host='localhost', port=8090): Read timed out. (read timeout=15.0)]"
1002,"210926-PRED-18996655274-1789765751.141008.wav",MACHINE,3.04,3040,0,0,False,0,1083,15015,"","[WHISPER_ERROR: HTTPConnectionPool(host='localhost', port=8090): Read timed out. (read timeout=15.0)]"
1003,"210931-PRED-11953011015-1789765751.141010.wav",MACHINE,3.0,3000,0,0,False,0,931,15016,"","[WHISPER_ERROR: HTTPConnectionPool(host='localhost', port=8090): Read timed out. (read timeout=15.0)]"
1004,"211035-PRED-19996635851-1789765811.141021.wav",MACHINE,11.76,11760,0,0,False,0,1081,15021,"","[WHISPER_ERROR: HTTPConnectionPool(host='localhost', port=8090): Read timed out. (read timeout=15.0)]"
1005,"211053-PRED-15997710606-1789765831.141022.wav",MACHINE,5.92,0,1100,240,False,0,1989,15015,"","[WHISPER_ERROR: HTTPConnectionPool(host='localhost', port=8090): Read timed out. (read timeout=15.0)]"
1006,"211053-PRED-19997505051-1789765831.141023.wav",MACHINE,4.94,440,330,940,False,0,3268,15039,"de vós pois a pessoa que você está tentando","[WHISPER_ERROR: HTTPConnectionPool(host='localhost', port=8090): Read timed out. (read timeout=15.0)]"
1007,"211056-PRED-11992990801-1789765831.141025.wav",MACHINE,5.44,3390,280,560,False,0,806,15016,"","[WHISPER_ERROR: HTTPConnectionPool(host='localhost', port=8090): Read timed out. (read timeout=15.0)]"
1008,"211116-PRED-11958853925-1789765873.141037.wav",MACHINE,22.8,280,450,480,False,0,14206,15020,"se você de seu nome e o motivo da ligação poderei ver se esta pessoa está disponível","[WHISPER_ERROR: HTTPConnectionPool(host='localhost', port=8090): Read timed out. (read timeout=15.0)]"
1009,"211310-PRED-12991063135-1789765989.141056.wav",MACHINE,0.94,940,0,0,False,0,486,15015,"","[WHISPER_ERROR: HTTPConnectionPool(host='localhost', port=8090): Read timed out. (read timeout=15.0)]"
1010,"211314-PRED-14981692465-1789765991.141062.wav",MACHINE,3.0,80,430,410,False,0,2351,15017,"olá se você disser seu nome e uma","[WHISPER_ERROR: HTTPConnectionPool(host='localhost', port=8090): Read timed out. (read timeout=15.0)]"
1011,"211347-PRED-19993746725-1789766011.141066.wav",MACHINE,10.92,170,110,7210,False,0,971,15017,"","[WHISPER_ERROR: HTTPConnectionPool(host='localhost', port=8090): Read timed out. (read timeout=15.0)]"
1012,"211409-PRED-19993131886-1789766030.141070.wav",MACHINE,3.04,3040,0,0,False,0,642,15016,"","[WHISPER_ERROR: HTTPConnectionPool(host='localhost', port=8090): Read timed out. (read timeout=15.0)]"
1013,"211413-PRED-11930422816-1789766030.141074.wav",MACHINE,3.0,10,330,2140,False,0,786,15017,"","[WHISPER_ERROR: HTTPConnectionPool(host='localhost', port=8090): Read timed out. (read timeout=15.0)]"
1014,"211414-PRED-19991809778-1789766030.141069.wav",MACHINE,5.56,2410,170,680,False,0,1076,15017,"","[WHISPER_ERROR: HTTPConnectionPool(host='localhost', port=8090): Read timed out. (read timeout=15.0)]"
1015,"211415-PRED-14997962310-1789766030.141072.wav",MACHINE,7.3,10,1810,390,False,0,5006,15017,"água por mim pois a pessoa que você está tentando contatar não está disponível grave","[WHISPER_ERROR: HTTPConnectionPool(host='localhost', port=8090): Read timed out. (read timeout=15.0)]"
1016,"211416-PRED-11983587786-1789766044.141084.wav",MACHINE,11.88,930,420,430,True,720,1619,15018,"","[WHISPER_ERROR: HTTPConnectionPool(host='localhost', port=8090): Read timed out. (read timeout=15.0)]"
1017,"211416-PRED-16997969677-1789766044.141082.wav",MACHINE,9.08,9080,0,0,False,0,863,15016,"","[WHISPER_ERROR: HTTPConnectionPool(host='localhost', port=8090): Read timed out. (read timeout=15.0)]"
1018,"211423-PRED-16997011637-1789766044.141081.wav",MACHINE,11.38,4490,290,2380,False,0,1159,15019,"alô","[WHISPER_ERROR: HTTPConnectionPool(host='localhost', port=8090): Read timed out. (read timeout=15.0)]"
1019,"211538-PRED-17981350878-1789766120.141113.wav",MACHINE,1.04,620,370,30,False,0,902,15015,"só ligar","[WHISPER_ERROR: HTTPConnectionPool(host='localhost', port=8090): Read timed out. (read timeout=15.0)]"
1020,"211539-PRED-17997842085-1789766131.141115.wav",MACHINE,3.08,3080,0,0,False,0,453,15017,"","[WHISPER_ERROR: HTTPConnectionPool(host='localhost', port=8090): Read timed out. (read timeout=15.0)]"
1021,"211542-PRED-15997965011-1789766131.141117.wav",MACHINE,3.54,10,2380,370,False,0,3897,15017,"campanha por mim pois a pessoa que","[WHISPER_ERROR: HTTPConnectionPool(host='localhost', port=8090): Read timed out. (read timeout=15.0)]"
1022,"211554-PRED-11982470440-1789766131.141114.wav",MACHINE,3.1,1700,930,450,False,0,1993,15016,"bem como a banca","[WHISPER_ERROR: HTTPConnectionPool(host='localhost', port=8090): Read timed out. (read timeout=15.0)]"
1023,"211611-PRED-12982035713-1789766160.141123.wav",MACHINE,12.3,12300,0,0,False,0,703,15015,"","[WHISPER_ERROR: HTTPConnectionPool(host='localhost', port=8090): Read timed out. (read timeout=15.0)]"
1024,"211633-PRED-12981342580-1789766171.141125.wav",MACHINE,3.02,3020,0,0,False,0,774,15016,"","[WHISPER_ERROR: HTTPConnectionPool(host='localhost', port=8090): Read timed out. (read timeout=15.0)]"
1025,"211738-PRED-11959322941-1789766254.141142.wav",MACHINE,13.74,4360,1380,800,True,720,1812,15016,"grande e cabe agora","[WHISPER_ERROR: HTTPConnectionPool(host='localhost', port=8090): Read timed out. (read timeout=15.0)]"
1026,"211743-PRED-19997799993-1789766254.141140.wav",MACHINE,3.02,3020,0,0,False,0,538,15016,"","[WHISPER_ERROR: HTTPConnectionPool(host='localhost', port=8090): Read timed out. (read timeout=15.0)]"
1027,"211821-PRED-11963794524-1789766291.141151.wav",MACHINE,3.08,3080,0,0,False,0,501,15016,"","[WHISPER_ERROR: HTTPConnectionPool(host='localhost', port=8090): Read timed out. (read timeout=15.0)]"
1028,"211901-PRED-13988267959-1789766332.141156.wav",MACHINE,13.42,20,110,9900,False,0,598,15017,"","[WHISPER_ERROR: HTTPConnectionPool(host='localhost', port=8090): Read timed out. (read timeout=15.0)]"
1029,"211954-PRED-11991347225-1789766381.141162.wav",MACHINE,16.5,7610,270,3610,False,0,1400,15017,"","[WHISPER_ERROR: HTTPConnectionPool(host='localhost', port=8090): Read timed out. (read timeout=15.0)]"
1030,"211959-PRED-11998641671-1789766391.141170.wav",MACHINE,2.9,2900,0,0,False,0,735,15016,"","[WHISPER_ERROR: HTTPConnectionPool(host='localhost', port=8090): Read timed out. (read timeout=15.0)]"
1031,"212008-PRED-19991768834-1789766390.141166.wav",MACHINE,3.0,10,220,370,False,0,2865,15016,"uma ligação","[WHISPER_ERROR: HTTPConnectionPool(host='localhost', port=8090): Read timed out. (read timeout=15.0)]"
1032,"212115-PRED-11985089388-1789766463.141178.wav",MACHINE,6.06,4440,1390,210,False,0,2465,15015,"grande cabe agora","[WHISPER_ERROR: HTTPConnectionPool(host='localhost', port=8090): Read timed out. (read timeout=15.0)]"
1033,"212120-PRED-11984793606-1789766471.141180.wav",MACHINE,3.0,3000,0,0,False,0,633,15017,"","[WHISPER_ERROR: HTTPConnectionPool(host='localhost', port=8090): Read timed out. (read timeout=15.0)]"
1034,"212159-PRED-11976427658-1789766506.141191.wav",MACHINE,1.08,10,90,960,False,0,861,15018,"","[WHISPER_ERROR: HTTPConnectionPool(host='localhost', port=8090): Read timed out. (read timeout=15.0)]"
1035,"212628-PRED-11972277670-1789766768.141208.wav",MACHINE,3.92,3920,0,0,False,0,1093,15017,"","[WHISPER_ERROR: HTTPConnectionPool(host='localhost', port=8090): Read timed out. (read timeout=15.0)]"
1036,"212628-PRED-11999138031-1789766771.141211.wav",MACHINE,3.06,3060,0,0,False,0,1315,15016,"","[WHISPER_ERROR: HTTPConnectionPool(host='localhost', port=8090): Read timed out. (read timeout=15.0)]"
1037,"212647-PRED-12991437998-1789766792.141218.wav",MACHINE,3.08,10,30,3020,False,0,670,15016,"","[WHISPER_ERROR: HTTPConnectionPool(host='localhost', port=8090): Read timed out. (read timeout=15.0)]"
1038,"212656-PRED-13997020173-1789766811.141223.wav",MACHINE,1.08,1080,0,0,False,0,366,15021,"","[WHISPER_ERROR: HTTPConnectionPool(host='localhost', port=8090): Read timed out. (read timeout=15.0)]"
1039,"212735-PRED-11993879363-1789766831.141226.wav",MACHINE,17.5,17500,0,0,False,0,2201,15016,"","[WHISPER_ERROR: HTTPConnectionPool(host='localhost', port=8090): Read timed out. (read timeout=15.0)]"
1040,"212747-PRED-17981787781-1789766860.141234.wav",MACHINE,1.06,1060,0,0,False,0,695,15016,"","[WHISPER_ERROR: HTTPConnectionPool(host='localhost', port=8090): Read timed out. (read timeout=15.0)]"
1041,"212748-PRED-18997182324-1789766851.141227.wav",MACHINE,3.06,1080,300,1660,False,0,1277,15016,"","[WHISPER_ERROR: HTTPConnectionPool(host='localhost', port=8090): Read timed out. (read timeout=15.0)]"
1042,"212834-PRED-13997382896-1789766891.141242.wav",MACHINE,6.08,3510,10,590,False,0,1507,15016,"","[WHISPER_ERROR: HTTPConnectionPool(host='localhost', port=8090): Read timed out. (read timeout=15.0)]"
1043,"212848-PRED-19982171152-1789766911.141246.wav",MACHINE,9.56,9560,0,0,False,0,767,15017,"","[WHISPER_ERROR: HTTPConnectionPool(host='localhost', port=8090): Read timed out. (read timeout=15.0)]"
1044,"212856-PRED-18997052409-1789766923.141252.wav",MACHINE,3.04,3040,0,0,False,0,780,15019,"","[WHISPER_ERROR: HTTPConnectionPool(host='localhost', port=8090): Read timed out. (read timeout=15.0)]"
1045,"212905-PRED-11970623710-1789766923.141250.wav",MACHINE,3.0,30,220,2730,False,0,716,15017,"","[WHISPER_ERROR: HTTPConnectionPool(host='localhost', port=8090): Read timed out. (read timeout=15.0)]"
1046,"212944-PRED-11996592604-1789766971.141260.wav",MACHINE,2.98,10,90,2860,False,0,953,15017,"","[WHISPER_ERROR: HTTPConnectionPool(host='localhost', port=8090): Read timed out. (read timeout=15.0)]"
1047,"213003-PRED-11944655011-1789766994.141265.wav",MACHINE,0.84,840,0,0,False,0,473,15015,"","[WHISPER_ERROR: HTTPConnectionPool(host='localhost', port=8090): Read timed out. (read timeout=15.0)]"
1048,"213122-PRED-31999180945-1789767061.141270.wav",MACHINE,19.96,490,300,2460,False,0,11507,15017,"alô","[WHISPER_ERROR: HTTPConnectionPool(host='localhost', port=8090): Read timed out. (read timeout=15.0)]"
1049,"213200-PRED-11948960235-1789767110.141278.wav",MACHINE,17.72,11200,720,240,False,0,10829,15016,"","[WHISPER_ERROR: HTTPConnectionPool(host='localhost', port=8090): Read timed out. (read timeout=15.0)]"
1050,"213205-PRED-12997384759-1789767111.141286.wav",MACHINE,3.06,3060,0,0,False,0,550,15016,"","[WHISPER_ERROR: HTTPConnectionPool(host='localhost', port=8090): Read timed out. (read timeout=15.0)]"
1051,"213301-PRED-12997663703-1789767171.141303.wav",MACHINE,24.56,24560,0,0,False,0,10660,15022,"","[WHISPER_ERROR: HTTPConnectionPool(host='localhost', port=8090): Read timed out. (read timeout=15.0)]"
1052,"213304-PRED-11964897770-1789767170.141297.wav",MACHINE,2.78,2780,0,0,False,0,960,15017,"","[WHISPER_ERROR: HTTPConnectionPool(host='localhost', port=8090): Read timed out. (read timeout=15.0)]"
1053,"213357-PRED-11983707729-1789767231.141316.wav",MACHINE,3.06,10,210,2820,False,0,755,15016,"","[WHISPER_ERROR: HTTPConnectionPool(host='localhost', port=8090): Read timed out. (read timeout=15.0)]"
1054,"213400-PRED-16991048331-1789767224.141310.wav",MACHINE,3.42,10,140,3250,False,0,669,15016,"","[WHISPER_ERROR: HTTPConnectionPool(host='localhost', port=8090): Read timed out. (read timeout=15.0)]"
1055,"213403-PRED-11987305492-1789767231.141315.wav",MACHINE,3.1,280,210,1410,False,0,2239,15016,"longe","[WHISPER_ERROR: HTTPConnectionPool(host='localhost', port=8090): Read timed out. (read timeout=15.0)]"
1056,"213457-PRED-11968547891-1789767291.141337.wav",MACHINE,4.0,4000,0,0,False,0,1195,15017,"","[WHISPER_ERROR: HTTPConnectionPool(host='localhost', port=8090): Read timed out. (read timeout=15.0)]"
1057,"213457-PRED-11999801950-1789767291.141335.wav",MACHINE,0.98,980,0,0,False,0,756,15017,"","[WHISPER_ERROR: HTTPConnectionPool(host='localhost', port=8090): Read timed out. (read timeout=15.0)]"
1058,"213711-PRED-12997296498-1789767426.141343.wav",MACHINE,10.96,10960,0,0,False,0,749,15018,"","[WHISPER_ERROR: HTTPConnectionPool(host='localhost', port=8090): Read timed out. (read timeout=15.0)]"
1059,"213715-PRED-13998035337-1789767431.141347.wav",MACHINE,3.06,3060,0,0,False,0,522,15016,"","[WHISPER_ERROR: HTTPConnectionPool(host='localhost', port=8090): Read timed out. (read timeout=15.0)]"
1060,"213725-PRED-13982329216-1789767431.141346.wav",MACHINE,6.16,2780,20,3340,False,0,616,15017,"","[WHISPER_ERROR: HTTPConnectionPool(host='localhost', port=8090): Read timed out. (read timeout=15.0)]"
1061,"213814-PRED-14997070277-1789767479.141360.wav",MACHINE,23.72,5370,1660,730,False,0,11740,15021,"","[WHISPER_ERROR: HTTPConnectionPool(host='localhost', port=8090): Read timed out. (read timeout=15.0)]"
1062,"213936-PRED-12996657685-1789767570.141380.wav",MACHINE,1.0,1000,0,0,False,0,1209,15017,"","[WHISPER_ERROR: HTTPConnectionPool(host='localhost', port=8090): Read timed out. (read timeout=15.0)]"
1063,"213952-PRED-11974689220-1789767571.141381.wav",MACHINE,3.98,750,30,3180,False,0,1647,15016,"","[WHISPER_ERROR: HTTPConnectionPool(host='localhost', port=8090): Read timed out. (read timeout=15.0)]"
1064,"213952-PRED-18996901158-1789767591.141391.wav",MACHINE,17.32,17320,0,0,False,0,2644,15016,"","[WHISPER_ERROR: HTTPConnectionPool(host='localhost', port=8090): Read timed out. (read timeout=15.0)]"
1065,"213959-PRED-17997767330-1789767590.141387.wav",MACHINE,3.0,3000,0,0,False,0,1393,15016,"","[WHISPER_ERROR: HTTPConnectionPool(host='localhost', port=8090): Read timed out. (read timeout=15.0)]"
1066,"214010-PRED-11981258965-1789767590.141389.wav",MACHINE,3.02,3020,0,0,False,0,1457,15018,"","[WHISPER_ERROR: HTTPConnectionPool(host='localhost', port=8090): Read timed out. (read timeout=15.0)]"
1067,"214045-PRED-11958453089-1789767634.141400.wav",MACHINE,5.64,310,140,5170,False,0,1362,15016,"","[WHISPER_ERROR: HTTPConnectionPool(host='localhost', port=8090): Read timed out. (read timeout=15.0)]"
1068,"214111-PRED-11964414037-1789767660.141406.wav",MACHINE,13.96,4450,1370,830,True,720,2893,15016,"grande e cabe agora","[WHISPER_ERROR: HTTPConnectionPool(host='localhost', port=8090): Read timed out. (read timeout=15.0)]"
1069,"214121-PRED-16981467887-1789767660.141404.wav",MACHINE,3.0,230,2410,340,False,0,2171,15051,"sua ligação foi encaminhada ao correio de voz","[WHISPER_ERROR: HTTPConnectionPool(host='localhost', port=8090): Read timed out. (read timeout=15.0)]"
1070,"214122-PRED-12996745879-1789767671.141410.wav",MACHINE,4.98,4980,0,0,False,0,1139,15016,"","[WHISPER_ERROR: HTTPConnectionPool(host='localhost', port=8090): Read timed out. (read timeout=15.0)]"
1071,"214207-PRED-14991123815-1789767710.141420.wav",MACHINE,14.82,3080,430,3320,False,0,2338,15019,"a lá","[WHISPER_ERROR: HTTPConnectionPool(host='localhost', port=8090): Read timed out. (read timeout=15.0)]"
1072,"214208-PRED-15998125645-1789767711.141422.wav",MACHINE,3.08,3080,0,0,False,0,835,15017,"","[WHISPER_ERROR: HTTPConnectionPool(host='localhost', port=8090): Read timed out. (read timeout=15.0)]"
1073,"214236-PRED-11994955760-1789767751.141433.wav",MACHINE,24.42,24420,0,0,False,0,10633,15020,"","[WHISPER_ERROR: HTTPConnectionPool(host='localhost', port=8090): Read timed out. (read timeout=15.0)]"
1074,"214250-PRED-66996574705-1789767750.141431.wav",MACHINE,3.08,3080,0,0,False,0,552,15028,"","[WHISPER_ERROR: HTTPConnectionPool(host='localhost', port=8090): Read timed out. (read timeout=15.0)]"
1075,"214304-PRED-11945492765-1789767779.141438.wav",MACHINE,13.6,10,90,10090,False,0,1251,15016,"","[WHISPER_ERROR: HTTPConnectionPool(host='localhost', port=8090): Read timed out. (read timeout=15.0)]"
1076,"214338-PRED-11973931293-1789767811.141446.wav",MACHINE,10.48,10480,0,0,False,0,807,15017,"","[WHISPER_ERROR: HTTPConnectionPool(host='localhost', port=8090): Read timed out. (read timeout=15.0)]"
1077,"214340-PRED-17996067711-1789767804.141442.wav",MACHINE,3.0,1700,390,890,False,0,976,15015,"a loja","[WHISPER_ERROR: HTTPConnectionPool(host='localhost', port=8090): Read timed out. (read timeout=15.0)]"
1078,"214412-PRED-11990235582-1789767838.141452.wav",MACHINE,9.54,610,30,4730,False,0,970,15017,"","[WHISPER_ERROR: HTTPConnectionPool(host='localhost', port=8090): Read timed out. (read timeout=15.0)]"
1079,"214437-PRED-17997746887-1789767870.141459.wav",MACHINE,3.94,490,1040,1090,False,0,1719,15017,"","[WHISPER_ERROR: HTTPConnectionPool(host='localhost', port=8090): Read timed out. (read timeout=15.0)]"
1080,"214439-PRED-11999032591-1789767870.141461.wav",MACHINE,5.46,5460,0,0,False,0,604,15017,"","[WHISPER_ERROR: HTTPConnectionPool(host='localhost', port=8090): Read timed out. (read timeout=15.0)]"
1081,"214447-PRED-19982403422-1789767871.141465.wav",MACHINE,3.02,3020,0,0,False,0,555,15016,"","[WHISPER_ERROR: HTTPConnectionPool(host='localhost', port=8090): Read timed out. (read timeout=15.0)]"
1082,"214521-PRED-16988158816-1789767908.141472.wav",MACHINE,3.04,3040,0,0,False,0,565,15017,"","[WHISPER_ERROR: HTTPConnectionPool(host='localhost', port=8090): Read timed out. (read timeout=15.0)]"
1083,"214522-PRED-11958910307-1789767907.141471.wav",MACHINE,5.2,50,210,3240,False,0,880,15016,"","[WHISPER_ERROR: HTTPConnectionPool(host='localhost', port=8090): Read timed out. (read timeout=15.0)]"
1084,"214608-PRED-19993073928-1789767946.141480.wav",MACHINE,12.74,10,220,9130,False,0,592,15016,"","[WHISPER_ERROR: HTTPConnectionPool(host='localhost', port=8090): Read timed out. (read timeout=15.0)]"
1085,"214619-PRED-11980568647-1789767963.141487.wav",MACHINE,3.02,3020,0,0,False,0,634,15018,"","[WHISPER_ERROR: HTTPConnectionPool(host='localhost', port=8090): Read timed out. (read timeout=15.0)]"
1086,"214643-PRED-11983688156-1789767989.141493.wav",MACHINE,19.02,12510,720,240,False,0,10761,15023,"","[WHISPER_ERROR: HTTPConnectionPool(host='localhost', port=8090): Read timed out. (read timeout=15.0)]"
1087,"214649-PRED-11998761252-1789767989.141492.wav",MACHINE,3.08,3080,0,0,False,0,819,15017,"","[WHISPER_ERROR: HTTPConnectionPool(host='localhost', port=8090): Read timed out. (read timeout=15.0)]"
1088,"214652-PRED-11982270559-1789767991.141495.wav",MACHINE,3.06,110,2410,520,False,0,2216,15016,"sua ligação foi encaminhada ao correio de voz","[WHISPER_ERROR: HTTPConnectionPool(host='localhost', port=8090): Read timed out. (read timeout=15.0)]"
1089,"214808-PRED-11999976377-1789768070.141509.wav",MACHINE,3.84,30,30,3690,False,0,1352,15017,"","[WHISPER_ERROR: HTTPConnectionPool(host='localhost', port=8090): Read timed out. (read timeout=15.0)]"
1090,"214843-PRED-19997329515-1789768098.141521.wav",MACHINE,6.6,520,2440,390,False,0,7809,15018,"ligar para pancada ocorrido após pois a pessoa que você está tentando contatar não está a","[WHISPER_ERROR: HTTPConnectionPool(host='localhost', port=8090): Read timed out. (read timeout=15.0)]"
1091,"214846-PRED-11954997988-1789768111.141524.wav",MACHINE,3.08,3080,0,0,False,0,1361,15016,"","[WHISPER_ERROR: HTTPConnectionPool(host='localhost', port=8090): Read timed out. (read timeout=15.0)]"
1092,"214915-PRED-18996483882-1789768145.141530.wav",MACHINE,10.98,10980,0,0,False,0,1391,15017,"","[WHISPER_ERROR: HTTPConnectionPool(host='localhost', port=8090): Read timed out. (read timeout=15.0)]"
1093,"214957-PRED-11947759193-1789768191.141546.wav",MACHINE,11.36,11360,0,0,False,0,1350,15016,"","[WHISPER_ERROR: HTTPConnectionPool(host='localhost', port=8090): Read timed out. (read timeout=15.0)]"
1094,"214957-PRED-17991214246-1789768181.141538.wav",MACHINE,3.7,3700,0,0,False,0,1252,15016,"","[WHISPER_ERROR: HTTPConnectionPool(host='localhost', port=8090): Read timed out. (read timeout=15.0)]"
1095,"215104-PRED-14998209275-1789768251.141561.wav",MACHINE,3.06,3060,0,0,False,0,1086,15016,"","[WHISPER_ERROR: HTTPConnectionPool(host='localhost', port=8090): Read timed out. (read timeout=15.0)]"
1096,"215152-PRED-11998356655-1789768293.141566.wav",MACHINE,16.46,16460,0,0,False,0,2254,15017,"","[WHISPER_ERROR: HTTPConnectionPool(host='localhost', port=8090): Read timed out. (read timeout=15.0)]"
1097,"215157-PRED-11975370601-1789768310.141568.wav",MACHINE,3.06,340,2140,280,False,0,2771,15016,"sua ligação com encaminhada ao meio","[WHISPER_ERROR: HTTPConnectionPool(host='localhost', port=8090): Read timed out. (read timeout=15.0)]"
1098,"215211-PRED-11996387417-1789768310.141570.wav",MACHINE,3.02,3020,0,0,False,0,569,15016,"","[WHISPER_ERROR: HTTPConnectionPool(host='localhost', port=8090): Read timed out. (read timeout=15.0)]"
1099,"215225-PRED-13981650695-1789768336.141580.wav",MACHINE,23.26,6830,210,1610,False,0,10937,15020,"","[WHISPER_ERROR: HTTPConnectionPool(host='localhost', port=8090): Read timed out. (read timeout=15.0)]"
1100,"215306-PRED-11996927213-1789768380.141585.wav",MACHINE,11.46,11460,0,0,False,0,961,15016,"","[WHISPER_ERROR: HTTPConnectionPool(host='localhost', port=8090): Read timed out. (read timeout=15.0)]"
